0
1076
2192
3308
4380
5456
6564
7632
8724
9880
10968
12084
13248
14376
15448
16604
17736
18804
19908
21100
22220
23384
24548
25656
26808
27948
29072
30224
31332
32392
33496
34616
35688
36760
37968
39120
40208
41320
42420
43532
44708
45840
47020
48188
49328
50472
51616
52712
53808
54936
56044
57088
58212
59392
60512
61668
62800
63904
65032
66200
67252
68364
69476
70584
71752
72948
74048
75224
76368
77456
78552
79660
80756
81872
83036
84144
85292
86460
87580
88688
89824
90920
92012
93144
94312
95424
96588
97728
98816
99920
101040
102112
103220
104384
105496
106624
107764
108872
109988
111144
112256
113376
114528
115612
116700
117816
118920
120016
121120
122240
123336
124468
125612
126700
127832
128956
130040
131168
132340
133460
134596
135716
136796
137904
139044
140136
141268
142424
143560
144656
145772
146892
147980
149088
150208
151264
152372
153532
154620
155692
156804
157932
159012
160164
161316
162404
163488
164568
165632
166700
167836
168964
170160
171328
172456
173608
174760
175856
176980
178096
179224
180360
181540
182648
183800
184956
186052
187152
188280
189376
190492
191628
192728
193852
195020
196084
197168
198280
199404
200544
201668
202812
203888
205056
206232
207360
208528
209732
210876
212060
213268
214388
215556
216740
217836
218952
220072
221196
222280
223396
224512
225576
226724
227884
228980
230108
231280
232368
233512
234656
235764
236908
238060
239152
240244
241364
242476
243584
244728
245860
246960
248112
249248
250356
251504
252656
253760
254916
256100
257208
258320
259484
260612
261712
262856
263992
265092
266260
267456
268552
269660
270840
271944
273088
274272
275400
276536
277708
278872
280000
281164
282312
283408
284580
285712
286796
287896
289068
290208
291284
292376
293512
294616
295760
296924
298040
299208
300412
301516
302632
303796
304912
306020
307160
308296
309380
310540
311700
312796
313936
315144
316268
317384
318512
319612
320724
321852
322960
324068
325208
326292
327420
328608
329736
330896
332044
333140
334280
335468
336600
337748
338952
340088
341232
342392
343504
344612
345784
346908
348016
349136
350252
351324
352452
353576
354656
355768
356916
358032
359152
360328
361492
362640
363768
364876
365972
367108
368220
369328
370432
371584
372688
373828
374968
376092
377220
378376
379524
380596
381732
382864
383932
385024
386112
387152
388272
389376
390528
391612
392724
393844
394940
396108
397292
398400
399488
400580
401660
402688
403812
404992
406072
407220
408376
409500
410628
411804
412912
414084
415216
416324
417424
418584
419692
420820
421968
423092
424200
425364
426508
427616
428764
429908
430972
432052
433164
434264
435396
436552
437676
438804
439968
441072
442208
443400
444540
445688
446832
447944
449060
450180
451304
452396
453532
454620
455664
456784
457880
458964
460100
461264
462328
463428
464584
465716
466804
467964
469124
470212
471368
472568
473636
474736
475868
477012
478184
479368
480464
481620
482812
483928
485076
486248
487376
488456
489584
490724
491796
492948
494132
495228
496384
497556
498672
499792
500964
502084
503240
504396
505476
506584
507712
508812
509956
511084
512200
513360
514520
515672
516772
517928
519100
520208
521320
522456
523580
524700
525876
527004
528128
529280
530404
531556
532696
533844
534940
536112
537272
538380
539516
540676
541764
542912
544072
545188
546312
547464
548552
549680
550824
551944
553012
554120
555236
556288
557372
558512
559584
560716
561904
563028
564176
565312
566368
567484
568620
569736
570916
572112
573212
574356
575540
576648
577760
578864
579924
581020
582144
583240
584308
585440
586532
587652
588804
589940
591008
592160
593324
594448
595584
596748
597860
598976
600112
601224
602336
603484
604600
605704
606792
607900
608980
610104
611264
612376
613532
614684
615788
616952
618116
619224
620356
621492
622584
623688
624808
625912
626988
628128
629308
630440
631624
632824
633948
635072
636216
637336
638488
639656
640764
641840
642976
644124
645204
646316
647456
648540
649624
650724
651800
652928
654072
655176
656308
657456
658580
659736
660900
662020
663160
664328
665432
666544
667736
668880
670008
671156
672276
673364
674516
675632
676760
677888
679040
680124
681268
682420
683500
684604
685728
686808
687900
689028
690124
691224
692344
693476
694552
695744
696908
698052
699204
700420
701552
702672
703836
704956
706048
707152
708240
709316
710456
711668
712760
713928
715052
716144
717268
718388
719500
720612
721788
722892
724016
725144
726244
727336
728516
729668
730796
731968
733176
734268
735400
736564
737672
738804
739964
741068
742180
743340
744456
745632
746824
747956
749088
750196
751304
752372
753492
754600
755744
756880
758032
759144
760276
761460
762564
763704
764852
765928
766996
768096
769140
770164
771292
772440
773552
774732
775888
776992
778144
779304
780400
781544
782736
783868
785084
786244
787324
788416
789576
790724
791844
793012
794168
795324
796500
797644
798776
799964
801120
802224
803372
804548
805696
806868
808072
809244
810420
811596
812716
813872
815032
816160
817356
818464
819584
820684
821880
823084
824208
825336
826500
827612
828752
829956
831072
832196
833344
834480
835564
836676
837832
838916
840052
841228
842328
843488
844656
845768
846916
848100
849260
850444
851624
852792
853920
855048
856148
857204
858292
859420
860544
861768
862980
864108
865184
866260
867392
868520
869688
870888
871992
873160
874336
875432
876584
877744
878860
880012
881136
882252
883408
884584
885688
886800
887956
889044
890204
891348
892448
893560
894720
895804
896928
898048
899152
900276
901440
902528
903640
904772
905884
907068
908216
909336
910488
911620
912708
913816
914968
916116
917192
918340
919496
920576
921700
922844
923928
925084
926252
927348
928504
929648
930736
931904
933092
934208
935356
936524
937612
938696
939804
940864
941972
943076
944168
945252
946404
947472
948468
949460
950428
951356
952292
953204
954108
954976
955840
956688
957504
958312
959116
959904
960788
961676
962484
963272
963940
964880
965832
966908
967968
969080
970160
971168
972136
973140
974288
975368
976532
977772
978924
980108
981304
982400
983540
984736
985840
986960
988196
989228
990288
991344
992380
993412
994448
995424
996352
997264
998216
999212
1000172
1001188
1002276
1003344
1004380
1005452
1006544
1007604
1008704
1009812
1010908
1011972
1013056
1014216
1015324
1016432
1017540
1018608
1019604
1020632
1021652
1022664
1023736
1024964
1026188
1027308
1028436
1029576
1030692
1031776
1032900
1034028
1035080
1036116
1037180
1038176
1039288
1040404
1041464
1042452
1043492
1044540
1045556
1046592
1047680
1048748
1049828
1050956
1052108
1053216
1054300
1055388
1056436
1057568
1058728
1059812
1060960
1062092
1063196
1064304
1065408
1066484
1067584
1068732
1069880
1070988
1072156
1073372
1074492
1075624
1076804
1077928
1079092
1080244
1081352
1082520
1083756
1084856
1085936
1087012
1088040
1089136
1090240
1091312
1092376
1093492
1094584
1095676
1096828
1098004
1099132
1100332
1101552
1102624
1103692
1104812
1105932
1107100
1108272
1109412
1110576
1111828
1113012
1114244
1115472
1116608
1117828
1119076
1120212
1121364
1122592
1123792
1124920
1126128
1127348
1128468
1129680
1130892
1131980
1133144
1134316
1135436
1136584
1137792
1138932
1140044
1141220
1142376
1143488
1144696
1145992
1147156
1148344
1149536
1150664
1151848
1153012
1154124
1155292
1156512
1157656
1158860
1160060
1161164
1162344
1163572
1164716
1165896
1167008
1168104
1169120
1170156
1171228
1172264
1173320
1174412
1175492
1176584
1177764
1178904
1180080
1181256
1182384
1183524
1184668
1185748
1186892
1188028
1189100
1190208
1191312
1192364
1193416
1194496
1195524
1196548
1197644
1198828
1199984
1201232
1202468
1203624
1204800
1206012
1207164
1208376
1209576
1210740
1211956
1213216
1214384
1215608
1216816
1217988
1219164
1220356
1221488
1222656
1223832
1224968
1226052
1227140
1228172
1229180
1230244
1231340
1232376
1233440
1234564
1235640
1236740
1237864
1238968
1240112
1241272
1242376
1243540
1244692
1245784
1246944
1248120
1249204
1250312
1251440
1252604
1253792
1255008
1256184
1257284
1258364
1259412
1260492
1261696
1262944
1264168
1265348
1266456
1267616
1268776
1269888
1271048
1272236
1273364
1274536
1275704
1276768
1277832
1278908
1279940
1280944
1282004
1283116
1284188
1285376
1286560
1287696
1288924
1290132
1291276
1292496
1293720
1294888
1296044
1297152
1298172
1299212
1300324
1301420
1302480
1303660
1304900
1306056
1307276
1308516
1309676
1310844
1312020
1313156
1314360
1315524
1316648
1317816
1318968
1320092
1321208
1322320
1323420
1324548
1325744
1326868
1328048
1329268
1330400
1331580
1332764
1333868
1335000
1336172
1337316
1338500
1339736
1340936
1342068
1343268
1344516
1345652
1346848
1348040
1349184
1350388
1351616
1352728
1353904
1355124
1356340
1357528
1358704
1359856
1360936
1362024
1363164
1364268
1365380
1366588
1367832
1368980
1370192
1371400
1372544
1373696
1374844
1375944
1377040
1378152
1379208
1380360
1381592
1382724
1383936
1385148
1386252
1387372
1388516
1389584
1390700
1391884
1392980
1394140
1395368
1396528
1397748
1398960
1400048
1401156
1402284
1403424
1404624
1405900
1407108
1408388
1409644
1410828
1412044
1413228
1414380
1415580
1416784
1417948
1419080
1420208
1421288
1422404
1423548
1424728
1425872
1427100
1428316
1429472
1430660
1431816
1432956
1434156
1435332
1436444
1437592
1438704
1439756
1440784
1441888
1443036
1444092
1445176
1446332
1447512
1448684
1449928
1451116
1452272
1453436
1454556
1455716
1456920
1458064
1459296
1460504
1461624
1462728
1463872
1464992
1466260
1467500
1468692
1469936
1471180
1472308
1473544
1474752
1475884
1477060
1478268
1479412
1480568
1481788
1482952
1484200
1485440
1486596
1487776
1488948
1490108
1491256
1492396
1493488
1494544
1495640
1496744
1497820
1498968
1500180
1501320
1502392
1503500
1504656
1505792
1507000
1508208
1509360
1510564
1511764
1512880
1514088
1515336
1516472
1517636
1518800
1519908
1521036
1522176
1523324
1524412
1525460
1526588
1527816
1528928
1530112
1531316
1532440
1533576
1534740
1535852
1537008
1538260
1539460
1540620
1541828
1543024
1544140
1545280
1546412
1547496
1548600
1549752
1550884
1551908
1552960
1554092
1555268
1556500
1557780
1558952
1560136
1561356
1562528
1563728
1564952
1566104
1567316
1568440
1569548
1570604
1571692
1572888
1574068
1575248
1576484
1577660
1578784
1579920
1581024
1582108
1583268
1584528
1585700
1586916
1588140
1589308
1590460
1591672
1592916
1594096
1595272
1596396
1597452
1598548
1599876
1601080
1602332
1603608
1604764
1605956
1607176
1608308
1609524
1610752
1611944
1613136
1614324
1615448
1616580
1617696
1618868
1620016
1621268
1622496
1623692
1624884
1626012
1627112
1628316
1629508
1630648
1631956
1633228
1634344
1635492
1636616
1637704
1638880
1640088
1641216
1642468
1643680
1644820
1645940
1647088
1648232
1649396
1650668
1651916
1653116
1654380
1655632
1656812
1658040
1659268
1660400
1661560
1662752
1663892
1665028
1666172
1667260
1668400
1669600
1670784
1672072
1673324
1674508
1675748
1676944
1678056
1679144
1680352
1681604
1682756
1684024
1685284
1686432
1687648
1688876
1690004
1691176
1692312
1693408
1694440
1695492
1696644
1697780
1698968
1700220
1701384
1702596
1703824
1704980
1706168
1707380
1708520
1709708
1710920
1712092
1713288
1714432
1715524
1716568
1717644
1718812
1719944
1721160
1722412
1723548
1724724
1725920
1727064
1728264
1729476
1730672
1731884
1733040
1734176
1735280
1736484
1737760
1738928
1740164
1741408
1742552
1743728
1744912
1746056
1747224
1748436
1749608
1750800
1752020
1753240
1754316
1755404
1756544
1757648
1758932
1760104
1761184
1762224
1763300
1764424
1765564
1766804
1768020
1769224
1770464
1771596
1772768
1773952
1775068
1776196
1777320
1778428
1779456
1780556
1781728
1782836
1784000
1785256
1786400
1787600
1788768
1789904
1791064
1792176
1793212
1794256
1795336
1796452
1797520
1798552
1799688
1800916
1802048
1803276
1804512
1805656
1806856
1808080
1809228
1810452
1811708
1812880
1814084
1815260
1816400
1817616
1818832
1819984
1821152
1822352
1823488
1824628
1825796
1826928
1828052
1829216
1830356
1831480
1832624
1833792
1834940
1836136
1837304
1838412
1839536
1840688
1841796
1842924
1844028
1845024
1845988
1846952
1847876
1848796
1849732
1850700
1851672
1852656
1853664
1854640
1855604
1856524
1857420
1858280
1859116
1859956
1860780
1861592
1862412
1863232
1864040
1864852
1865656
1866460
1867280
1868104
1868952
1869840
1870776
1871728
1872740
1873808
1874820
1875800
1876744
1877696
1878684
1879668
1880728
1881828
1882872
1883984
1885084
1886140
1887212
1888372
1889532
1890632
1891812
1893040
1894216
1895440
1896648
1897804
1898884
1899972
1901036
1902096
1903280
1904484
1905656
1906908
1908096
1909204
1910376
1911552
1912696
1913876
1915116
1916284
1917460
1918656
1919812
1921016
1922176
1923300
1924472
1925652
1926760
1927892
1929080
1930224
1931364
1932504
1933548
1934588
1935708
1936852
1938088
1939356
1940488
1941700
1942904
1944032
1945248
1946472
1947640
1948864
1950080
1951264
1952460
1953656
1954776
1955960
1957176
1958264
1959392
1960572
1961704
1962900
1964136
1965276
1966384
1967488
1968636
1969680
1970836
1972036
1973136
1974340
1975540
1976672
1977928
1979160
1980360
1981604
1982816
1983976
1985176
1986324
1987412
1988564
1989780
1990940
1992160
1993416
1994604
1995844
1997056
1998248
1999468
2000704
2001852
2002972
2004076
2005188
2006356
2007604
2008864
2010024
2011264
2012480
2013656
2014872
2016084
2017228
2018392
2019560
2020664
2021832
2023004
2024108
2025280
2026492
2027628
2028840
2030072
2031236
2032376
2033552
2034704
2035884
2037120
2038288
2039512
2040744
2041904
2043084
2044264
2045436
2046712
2047928
2049064
2050256
2051464
2052604
2053760
2054972
2056156
2057292
2058428
2059536
2060604
2061696
2062784
2063872
2064976
2066000
2067040
2068096
2069188
2070212
2071304
2072464
2073580
2074744
2075948
2077092
2078296
2079480
2080612
2081780
2082988
2084128
2085304
2086416
2087504
2088568
2089724
2090892
2091984
2093160
2094416
2095568
2096768
2097968
2099092
2100264
2101384
2102456
2103604
2104808
2105932
2107140
2108344
2109472
2110652
2111884
2113028
2114248
2115464
2116612
2117812
2119016
2120164
2121352
2122532
2123660
2124860
2126056
2127240
2128396
2129580
2130712
2131888
2133104
2134260
2135468
2136664
2137800
2138968
2140128
2141256
2142428
2143620
2144772
2145980
2147248
2148520
2149824
2151068
2152224
2153424
2154596
2155764
2156988
2158172
2159240
2160344
2161512
2162672
2163852
2165128
2166252
2167464
2168700
2169904
2171144
2172392
2173572
2174804
2176064
2177224
2178388
2179588
2180728
2181944
2183068
2184156
2185256
2186400
2187548
2188716
2189904
2191112
2192292
2193512
2194672
2195860
2196960
2198080
2199128
2200288
2201528
2202708
2203972
2205200
2206316
2207492
2208668
2209804
2211012
2212240
2213412
2214584
2215760
2216928
2218044
2219256
2220420
2221528
2222668
2223880
2224988
2226084
2227228
2228380
2229440
2230528
2231720
2232968
2234176
2235440
2236668
2237816
2238996
2240196
2241296
2242384
2243476
2244532
2245548
2246612
2247708
2248784
2249980
2251188
2252352
2253556
2254744
2255860
2257024
2258168
2259272
2260412
2261572
2262668
2263812
2264944
2266080
2267188
2268420
2269684
2270892
2272184
2273448
2274668
2275924
2277168
2278428
2279720
2280944
2282172
2283420
2284592
2285792
2287000
2288160
2289380
2290620
2291824
2293024
2294232
2295376
2296576
2297752
2298880
2300064
2301216
2302324
2303472
2304680
2305864
2307028
2308248
2309444
2310628
2311872
2313112
2314376
2315668
2316888
2318128
2319300
2320500
2321752
2322940
2324200
2325396
2326696
2327964
2329284
2330540
2331692
2333044
2334292
2335480
2336736
2337900
2339124
2340364
2341524
2342736
2343952
2345144
2346360
2347540
2348780
2350004
2351160
2352412
2353608
2354828
2356036
2357204
2358388
2359616
2360776
2361992
2363180
2364356
2365444
2366532
2367640
2368804
2369992
2371296
2372588
2373812
2375012
2376144
2377240
2378392
2379516
2380612
2381752
2382872
2383960
2385112
2386308
2387556
2388768
2390000
2391140
2392304
2393492
2394704
2395872
2397060
2398212
2399404
2400580
2401788
2403016
2404240
2405524
2406740
2407980
2409228
2410412
2411672
2412860
2414120
2415316
2416448
2417608
2418736
2419868
2421084
2422268
2423484
2424708
2425908
2427132
2428360
2429508
2430696
2431908
2433076
2434336
2435564
2436748
2437904
2439008
2440160
2441300
2442504
2443732
2444888
2446048
2447200
2448320
2449516
2450728
2451872
2453024
2454216
2455364
2456536
2457712
2458844
2459956
2461076
2462212
2463392
2464536
2465680
2466864
2468016
2469156
2470272
2471360
2472460
2473588
2474696
2475788
2476896
2478052
2479168
2480440
2481696
2482900
2484128
2485304
2486516
2487708
2488860
2490048
2491172
2492284
2493352
2494356
2495380
2496356
2497360
2498444
2499588
2501020
2502312
2503480
2504648
2505812
2506928
2508076
2509288
2510468
2511712
2512864
2514060
2515288
2516480
2517648
2518856
2520048
2521232
2522420
2523564
2524732
2525928
2527144
2528408
2529596
2530876
2532116
2533324
2534568
2535904
2537164
2538484
2539756
2541100
2542364
2543636
2544800
2546040
2547264
2548528
2549796
2550972
2552108
2553284
2554468
2555676
2556852
2557884
2558916
2559920
2560896
2561972
2563496
2564732
2566060
2567320
2568464
2569648
2570812
2571904
2573028
2574172
2575268
2576372
2577564
2578716
2579928
2581188
2582416
2583668
2584884
2586140
2587352
2588584
2589824
2590956
2592076
2593168
2594332
2595692
2597056
2598332
2599728
2600972
2602204
2603444
2604572
2605704
2606856
2607968
2609116
2610388
2611564
2612884
2614204
2615388
2616476
2617640
2618792
2620020
2621244
2622496
2623776
2625120
2626372
2627672
2628948
2630228
2631432
2632644
2633924
2635144
2636340
2637488
2638600
2639708
2640916
2642008
2643248
2644640
2645916
2647256
2648548
2649840
2651076
2652292
2653560
2654768
2656136
2657460
2658768
2660032
2661304
2662504
2663772
2665032
2666208
2667472
2668716
2669992
2671344
2672612
2673900
2675076
2676336
2677560
2678712
2679836
2680892
2681880
2682884
2683964
2685128
2686520
2687808
2688960
2690156
2691288
2692356
2693424
2694488
2695512
2696552
2697664
2698800
2699940
2701160
2702420
2703612
2704792
2705980
2707164
2708364
2709528
2710708
2711916
2713072
2714296
2715504
2716672
2717908
2719140
2720444
2721752
2723000
2724312
2725564
2726816
2728040
2729220
2730532
2731864
2733128
2734440
2735660
2736916
2738164
2739404
2740660
2741888
2743056
2744292
2745508
2746780
2748040
2749268
2750532
2751720
2752932
2754096
2755312
2756484
2757652
2758884
2760116
2761340
2762552
2763684
2764872
2766048
2767164
2768308
2769456
2770536
2771612
2772716
2773736
2774724
2775808
2777128
2778284
2779540
2780808
2781952
2783100
2784256
2785348
2786456
2787580
2788696
2789816
2790976
2792116
2793288
2794488
2795648
2796824
2797972
2799204
2800420
2801548
2802656
2803824
2805028
2806404
2807716
2809112
2810448
2811724
2813044
2814292
2815556
2816840
2818052
2819244
2820320
2821500
2822668
2823784
2824996
2826376
2827624
2828984
2830300
2831576
2832880
2834092
2835280
2836508
2837664
2838840
2839992
2841020
2842096
2843312
2844456
2845852
2847188
2848376
2849644
2850904
2852064
2853280
2854524
2855704
2856952
2858212
2859448
2860712
2861936
2863160
2864336
2865568
2866808
2868036
2869396
2870668
2871952
2873212
2874420
2875668
2876856
2878096
2879268
2880356
2881440
2882436
2883376
2884300
2885204
2886096
2886952
2887832
2888700
2889576
2890444
2891324
2892216
2893108
2894040
2895036
2896032
2897028
2897992
2899000
2900008
2901164
2902512
2903692
2904744
2905868
2907160
2908412
2909616
2910900
2912192
2913348
2914520
2915752
2916964
2918204
2919444
2920628
2921800
2923028
2924204
2925356
2926516
2927744
2928872
2930040
2931216
2932372
2933536
2934648
2935776
2936892
2938040
2939296
2940464
2941724
2942932
2944064
2945160
2946256
2947272
2948344
2949472
2950544
2951616
2952716
2953816
2954864
2955992
2957132
2958236
2959384
2960584
2961692
2962812
2963952
2965064
2966140
2967256
2968328
2969412
2970564
2971760
2972920
2974132
2975320
2976492
2977728
2978936
2980092
2981316
2982480
2983616
2984816
2986052
2987180
2988376
2989584
2990800
2991960
2993148
2994320
2995448
2996616
2997816
2998964
3000132
3001344
3002560
3003784
3005100
3006352
3007620
3008848
3010008
3011164
3012348
3013492
3014672
3015952
3017180
3018464
3019720
3020944
3022192
3023408
3024608
3025824
3026964
3028140
3029356
3030568
3031888
3033288
3034664
3036040
3037340
3038636
3039932
3041184
3042476
3043684
3044964
3046200
3047452
3048676
3049864
3051148
3052320
3053440
3054680
3055976
3057208
3058516
3059800
3061044
3062368
3063600
3064832
3066088
3067292
3068564
3069812
3071040
3072284
3073488
3074708
3075936
3077132
3078396
3079648
3080816
3082028
3083216
3084364
3085600
3086864
3088124
3089464
3090704
3091948
3093160
3094300
3095420
3096656
3097896
3099388
3100792
3102112
3103352
3104576
3105828
3107040
3108256
3109388
3110572
3111768
3112944
3114188
3115356
3116636
3117920
3119220
3120572
3121840
3123140
3124424
3125764
3127100
3128364
3129676
3130964
3132276
3133548
3134888
3136160
3137492
3138764
3140100
3141372
3142680
3143960
3145280
3146572
3147840
3149072
3150272
3151512
3152712
3153936
3155128
3156296
3157340
3158324
3159312
3160320
3161284
3162340
3163596
3164632
3165680
3166752
3167740
3168752
3169764
3170788
3171756
3172752
3173772
3174796
3175808
3176872
3178008
3179152
3180332
3181544
3182724
3183928
3185180
3186404
3187692
3188992
3190280
3191652
3192948
3194196
3195476
3196716
3197984
3199228
3200692
3201984
3203236
3204588
3205872
3207220
3208548
3209808
3211092
3212284
3213500
3214688
3215920
3217200
3218388
3219620
3220784
3222000
3223312
3224556
3225868
3227156
3228404
3229628
3230848
3232124
3233312
3234564
3235768
3236964
3238152
3239316
3240592
3241756
3242984
3244160
3245356
3246472
3247608
3248728
3249812
3250956
3252132
3253272
3254476
3255696
3256860
3258072
3259264
3260448
3261656
3262848
3264004
3265236
3266432
3267596
3268832
3270040
3271240
3272428
3273588
3274844
3276044
3277260
3278492
3279708
3280972
3282180
3283432
3284604
3285844
3287120
3288388
3289576
3290724
3291892
3293036
3294196
3295292
3296452
3297612
3298792
3299992
3301188
3302264
3303364
3304524
3305636
3306868
3308084
3309112
3310136
3311224
3312224
3313292
3314712
3315956
3317192
3318352
3319412
3320476
3321512
3322528
3323552
3324616
3325688
3326732
3327852
3329052
3330188
3331348
3332580
3333760
3334968
3336260
3337520
3338896
3340212
3341552
3342836
3344136
3345388
3346672
3347968
3349192
3350440
3351724
3352960
3354248
3355496
3356760
3357996
3359164
3360348
3361584
3362752
3364044
3365292
3366464
3367620
3368648
3369660
3370688
3371700
3372732
3374076
3375252
3376424
3377620
3378788
3380020
3381328
3382500
3383752
3384980
3386184
3387404
3388632
3389840
3391156
3392484
3393764
3395088
3396360
3397652
3398896
3400204
3401476
3402724
3404012
3405216
3406420
3407520
3408556
3409568
3410596
3411968
3413360
3414748
3416004
3417344
3418568
3419716
3420916
3422060
3423112
3424152
3425252
3426412
3427616
3428912
3430200
3431400
3432684
3433944
3435136
3436272
3437440
3438588
3439800
3441084
3442336
3443668
3445028
3446296
3447632
3448956
3450192
3451504
3452780
3454028
3455328
3456572
3457856
3459100
3460256
3461432
3462612
3463760
3465020
3466316
3467652
3469128
3470480
3471828
3473108
3474396
3475676
3476920
3478152
3479312
3480540
3481808
3482996
3484204
3485316
3486340
3487356
3488408
3489452
3490644
3492192
3493272
3494328
3495372
3496400
3497412
3498412
3499404
3500404
3501380
3502360
3503328
3504292
3505248
3506204
3507132
3508040
3508924
3509812
3510672
3511516
3512348
3513176
3513996
3514812
3515600
3516380
3517164
3517940
3518708
3519592
3520360
3520932
3521688
3522144
3522664
3523136
3523884
3524444
3524884
3525424
3526012
3526492
3527296
3527964
3528628
3529208
3530060
3530868
3531536
3532220
3532964
3533664
3534432
3535268
3535868
3536604
3537344
3537920
3538732
3539548
3540356
3541156
3541808
3542560
3543212
3543872
3544428
3545300
3546084
3546996
3547628
3548296
3548980
3549840
3550636
3551448
3552056
3552936
3553736
3554412
3555236
3556312
3557080
3557860
3558720
3559708
3560336
3561408
3562288
3563280
3564312
3565000
3565980
3566668
3567312
3567952
3568552
3569676
3570412
3571020
3571684
3572788
3573372
3574308
3575172
3576076
3576880
3577840
3578592
3579240
3580032
3580652
3581544
3582152
3582844
3583820
3584776
3585504
3586580
3587508
3588244
3589148
3589916
3590608
3591732
3592736
3593744
3594656
3595624
3596812
3597836
3598548
3599392
3600100
3601148
3601864
3602844
3603600
3604564
3605404
3606356
3607264
3608044
3608716
3609472
3610368
3611112
3612092
3613024
3613944
3614696
3615352
3616040
3616928
3617920
3618976
3619648
3620512
3621296
3622012
3622824
3623712
3624756
3625344
3626312
3627084
3628060
3629020
3630172
3630840
3631736
3632448
3633168
3633896
3635008
3635696
3636556
3637276
3638108
3638896
3639812
3640748
3641612
3642712
3643376
3644156
3644928
3645556
3646728
3647540
3648248
3648908
3649832
3650848
3651776
3652472
3653504
3654412
3655156
3656004
3656648
3657280
3658260
3659204
3660020
3660800
3661420
3662396
3663376
3664140
3664952
3665788
3666476
3667096
3667936
3668752
3669636
3670468
3671260
3672140
3672892
3673716
3674440
3675244
3676012
3677008
3677964
3678872
3679696
3680560
3681272
3682504
3683360
3684140
3685380
3686288
3687160
3688048
3689096
3689960
3690768
3691448
3692348
3693320
3694136
3695004
3695724
3696664
3697460
3698124
3699284
3700004
3700868
3701688
3702692
3703420
3704044
3705040
3706168
3707000
3707712
3708804
3709636
3710396
3711456
3712496
3713180
3714004
3715136
3715768
3716568
3717220
3718000
3718644
3719456
3720264
3721388
3722524
3723624
3724660
3725716
3726752
3727796
3728636
3729280
3730096
3730888
3731612
3732816
3733856
3734768
3735800
3736528
3737096
3738036
3738940
3739820
3740676
3741500
3742064
3742700
3743256
3744012
3744736
3745580
3746240
3747044
3747988
3749148
3750208
3751264
3752300
3753360
3754388
3755428
3756504
3757588
3758640
3759696
3760768
3761836
3762812
3763748
3764644
3765536
3766420
3767308
3768296
3769332
3770328
3771376
3772472
3773544
3774580
3775644
3776972
3777980
3779036
3780080
3781180
3782200
3783304
3784444
3785584
3786632
3787752
3788848
3789928
3790984
3792064
3793160
3794208
3795240
3796292
3797380
3798412
3799480
3800556
3801632
3802668
3803764
3804880
3806004
3807100
3808220
3809372
3810476
3811576
3812688
3813832
3814968
3816092
3817208
3818272
3819316
3820380
3821436
3822428
3823472
3824560
3825656
3826696
3827804
3828900
3829948
3830988
3832052
3833124
3834092
3835064
3836032
3837000
3837720
3838588
3839436
3840280
3841092
3841888
3842672
3843428
3844184
3844936
3845676
3846408
3847140
3847864
3848608
3849376
3850192
3850996
3851828
3852684
3853560
3854440
3855320
3856256
3857152
3858072
3859164
3860376
3861516
3862956
3864232
3865364
3866528
3867748
3868864
3870000
3871228
3872532
3873668
3874864
3876072
3877188
3878296
3879476
3880776
3881856
3882908
3883928
3884888
3885832
3886844
3887980
3889100
3890312
3891484
3892608
3893748
3894880
3895964
3897080
3898220
3899304
3900380
3901480
3902628
3903704
3904808
3905932
3907048
3908136
3909288
3910452
3911556
3912644
3913764
3914904
3915972
3917104
3918244
3919328
3920424
3921580
3922740
3923808
3924892
3926000
3927096
3928128
3929124
3930140
3931124
3932104
3933144
3934208
3935256
3936332
3937460
3938540
3939640
3940748
3941816
3942916
3944044
3945128
3946220
3947348
3948440
3949544
3950676
3951800
3952864
3953960
3955080
3956176
3957276
3958404
3959524
3960584
3961652
3962736
3963784
3964832
3965932
3966984
3967944
3968892
3969832
3970772
3971700
3972672
3973680
3974704
3975744
3976820
3977892
3978940
3979980
3981060
3982136
3983152
3984144
3985196
3986304
3987420
3988484
3989596
3990712
3991824
3992892
3993940
3995040
3996172
3997332
3998508
3999636
4000808
4001984
4003100
4004132
4005140
4006120
4007104
4008168
4009312
4010464
4011636
4012824
4013952
4015088
4016204
4017284
4018392
4019504
4020552
4021572
4022608
4023680
4024776
4025864
4027000
4028156
4029280
4030420
4031556
4032644
4033712
4034816
4035960
4037060
4038188
4039276
4040360
4041380
4042428
4043528
4044632
4045680
4046752
4047832
4048872
4049912
4050976
4052044
4053036
4054060
4055104
4056116
4057132
4058152
4059188
4060168
4061152
4062156
4063148
4064116
4065048
4065956
4066840
4067692
4068584
4069476
4070372
4071336
4072336
4073356
4074356
4075368
4076384
4077356
4078364
4079400
4080464
4081548
4082668
4083780
4084896
4086012
4087088
4088120
4089160
4090204
4091236
4092224
4093236
4094304
4095316
4096296
4097276
4098204
4099096
4099972
4100788
4101592
4102360
4103140
4103904
4104652
4105392
4106108
4106816
4107512
4108192
4108868
4109536
4110192
4110844
4111500
4112228
4112984
4113768
4114708
4115728
4116764
4117776
4118892
4119968
4120988
4122056
4123180
4124260
4125344
4126460
4127608
4128688
4129812
4130960
4132004
4133084
4134072
4135076
4136060
4136996
4137904
4138828
4140004
4141212
4142320
4143448
4144616
4145756
4146848
4147980
4149176
4150252
4151380
4152524
4153700
4154800
4155920
4157084
4158248
4159384
4160564
4161736
4162808
4163860
4164948
4166108
4167244
4168544
4169756
4170880
4171988
4173136
4174220
4175272
4176380
4177496
4178556
4179676
4180860
4181916
4182980
4184084
4185176
4186208
4187300
4188432
4189492
4190576
4191704
4192784
4193880
4195020
4196096
4197192
4198312
4199488
4200584
4201720
4202908
4203992
4205108
4206252
4207312
4208412
4209560
4210684
4211804
4212940
4214032
4215124
4216228
4217280
4218340
4219424
4220516
4221644
4222828
4224040
4225204
4226368
4227532
4228652
4229788
4230864
4231864
4232804
4233708
4234588
4235428
4236268
4237084
4237884
4238676
4239452
4240224
4240984
4241728
4242460
4243184
4243896
4244608
4245316
4246020
4246736
4247456
4248216
4248992
4249788
4250640
4251472
4252300
4253176
4254068
4254952
4255812
4256688
4257528
4258340
4259148
4259952
4260744
4261544
4262372
4263176
4263984
4264776
4265552
4266324
4267096
4267880
4268688
4269536
4270400
4271280
4272148
4273008
4273856
4274668
4275452
4276236
4277024
4277848
4278688
4279536
4280392
4281260
4282120
4282980
4283820
4284632
4285436
4286220
4286980
4287740
4288496
4289252
4290012
4290768
4291508
4292260
4293012
4293772
4294552
4295332
4296116
4296912
4297716
4298512
4299328
4300140
4300940
4301744
4302544
4303328
4304136
4304976
4305812
4306660
4307504
4308352
4309180
4310004
4310812
4311608
4312400
4313204
4314020
4314852
4315728
4316668
4317580
4318532
4319460
4320348
4321220
4322064
4322896
4323716
4324524
4325332
4326132
4326916
4327696
4328488
4329304
4330180
4331048
4331916
4332808
4333692
4334556
4335412
4336264
4337148
4338020
4338880
4339732
4340560
4341416
4342280
4343152
4344028
4344892
4345760
4346628
4347512
4348412
4349312
4350196
4351108
4352004
4352900
4353796
4354684
4355600
4356520
4357444
4358336
4359220
4360116
4361000
4361856
4362716
4363580
4364436
4365304
4366164
4367024
4367860
4368676
4369488
4370296
4371084
4371876
4372692
4373532
4374376
4375208
4376032
4376864
4377680
4378484
4379300
4380116
4380932
4381756
4382580
4383400
4384236
4385056
4385876
4386700
4387520
4388392
4389280
4390176
4391080
4391976
4392832
4393676
4394512
4395360
4396196
4397012
4397848
4398692
4399548
4400392
4401232
4402072
4402928
4403756
4404572
4405404
4406228
4407044
4407860
4408676
4409492
4410292
4411080
4411876
4412660
4413440
4414252
4415076
4415884
4416700
4417516
4418316
4419124
4419928
4420744
4421552
4422372
4423204
4424036
4424852
4425656
4426476
4427284
4428100
4428920
4429720
4430536
4431360
4432180
4433012
4433876
4434760
4435652
4436576
4437456
4438328
4439184
4440056
4440920
4441788
4442660
4443528
4444392
4445280
4446180
4447120
4448132
4449208
4450204
4451168
4452148
4453144
4454180
4455168
4456144
4457108
4458088
4459036
4459996
4460972
4461916
4462836
4463732
4464580
4465428
4466296
4467192
4468124
4469032
4469964
4470892
4471816
4472728
4473612
4474484
4475344
4476164
4476984
4477784
4478588
4479408
4480232
4481036
4481852
4482680
4483504
4484336
4485192
4486072
4486952
4487804
4488640
4489468
4490296
4491112
4491940
4492756
4493568
4494380
4495200
4496028
4496856
4497684
4498512
4499320
4500116
4500904
4501688
4502480
4503280
4504084
4504920
4505752
4506572
4507384
4508200
4508984
4509772
4510568
4511352
4512128
4512900
4513648
4514388
4515124
4515856
4516588
4517336
4518096
4518880
4519692
4520504
4521356
4522208
4523036
4523864
4524688
4525484
4526272
4527072
4527860
4528656
4529436
4530216
4530992
4531772
4532556
4533348
4534148
4534932
4535728
4536528
4537352
4538168
4538988
4539792
4540584
4541364
4542128
4542888
4543628
4544352
4545072
4545808
4546544
4547312
4548096
4548876
4549672
4550472
4551256
4552032
4552800
4553548
4554300
4555048
4555800
4556572
4557352
4558116
4558908
4559704
4560508
4561336
4562148
4562956
4563788
4564624
4565440
4566260
4567072
4567880
4568700
4569528
4570332
4571128
4571932
4572736
4573528
4574312
4575084
4575868
4576656
4577432
4578228
4579020
4579812
4580612
4581420
4582224
4583040
4583860
4584680
4585488
4586288
4587096
4587908
4588712
4589516
4590300
4591084
4591868
4592640
4593404
4594184
4594972
4595764
4596588
4597452
4598312
4599160
4600004
4600824
4601640
4602448
4603244
4604064
4604892
4605700
4606516
4607324
4608132
4608932
4609728
4610512
4611280
4612044
4612828
4613612
4614412
4615216
4616024
4616832
4617644
4618452
4619240
4620040
4620844
4621628
4622408
4623200
4623980
4624792
4625608
4626400
4627184
4628000
4628824
4629676
4630548
4631392
4632268
4633132
4633996
4634872
4635728
4636652
4637592
4638512
4639444
4640336
4641224
4642092
4642956
4643792
4644632
4645484
4646344
4647216
4648092
4648972
4649864
4650764
4651656
4652576
4653524
4654432
4655344
4656236
4657100
4657964
4658796
4659604
4660424
4661280
4662112
4662972
4663828
4664668
4665516
4666340
4667144
4667956
4668764
4669556
4670344
4671096
4671880
4672680
4673476
4674336
4675228
4676092
4676992
4677872
4678732
4679576
4680400
4681204
4682012
4682828
4683656
4684524
4685440
4686376
4687308
4688240
4689128
4689996
4690856
4691680
4692492
4693320
4694148
4694972
4695844
4696752
4697664
4698624
4699548
4700428
4701280
4702124
4702964
4703788
4704684
4705544
4706416
4707304
4708176
4709032
4709932
4710800
4711652
4712500
4713340
4714204
4715064
4715924
4716804
4717672
4718516
4719336
4720136
4720944
4721752
4722536
4723312
4724080
4724868
4725668
4726504
4727356
4728248
4729156
4730108
4731020
4731884
4732784
4733716
4734612
4735504
4736400
4737324
4738240
4739120
4740044
4740992
4741948
4742848
4743704
4744548
4745472
4746528
4747548
4748624
4749740
4750788
4751856
4752928
4753976
4754968
4755992
4757040
4758008
4758968
4759872
4760776
4761672
4762532
4763400
4764260
4765108
4765988
4766848
4767728
4768644
4769572
4770568
4771532
4772488
4773476
4774472
4775424
4776368
4777328
4778232
4779148
4780068
4780960
4781856
4782768
4783712
4784696
4785660
4786628
4787596
4788560
4789540
4790492
4791452
4792404
4793348
4794260
4795212
4796160
4797096
4798008
4798900
4799784
4800648
4801488
4802328
4803172
4804004
4804848
4805744
4806632
4807540
4808520
4809560
4810596
4811596
4812528
4813448
4814372
4815280
4816192
4817140
4818088
4819016
4819948
4820832
4821712
4822572
4823416
4824264
4825100
4825920
4826740
4827544
4828336
4829132
4829908
4830716
4831532
4832344
4833180
4834004
4834840
4835672
4836496
4837316
4838156
4838968
4839768
4840568
4841372
4842200
4843040
4843884
4844772
4845664
4846560
4847500
4848448
4849348
4850264
4851152
4852056
4852976
4853888
4854780
4855672
4856568
4857456
4858316
4859156
4859968
4860772
4861568
4862340
4863112
4863880
4864644
4865404
4866196
4866996
4867832
4868732
4869632
4870504
4871392
4872280
4873164
4874024
4874888
4875780
4876648
4877532
4878440
4879324
4880228
4881112
4881988
4882876
4883768
4884640
4885508
4886348
4887196
4888040
4888872
4889712
4890544
4891360
4892176
4892972
4893748
4894520
4895288
4896052
4896812
4897560
4898304
4899052
4899792
4900532
4901272
4902016
4902760
4903568
4904396
4905216
4906064
4906904
4907740
4908596
4909424
4910232
4911028
4911828
4912660
4913512
4914352
4915240
4916132
4917004
4917920
4918876
4919816
4920748
4921680
4922620
4923512
4924412
4925292
4926160
4927004
4927868
4928736
4929604
4930504
4931416
4932308
4933192
4934072
4934944
4935788
4936636
4937452
4938300
4939184
4940064
4941016
4941980
4942876
4943804
4944728
4945608
4946472
4947352
4948252
4949160
4950032
4950936
4951868
4952772
4953668
4954560
4955460
4956328
4957176
4958040
4958900
4959744
4960608
4961468
4962332
4963216
4964100
4964992
4965900
4966832
4967724
4968632
4969580
4970564
4971520
4972536
4973560
4974524
4975512
4976512
4977460
4978412
4979352
4980260
4981196
4982168
4983096
4984024
4984972
4985920
4986864
4987772
4988700
4989608
4990524
4991396
4992280
4993292
4994284
4995228
4996188
4997160
4998164
4999208
5000168
5001092
5001984
5002848
5003684
5004536
5005392
5006268
5007152
5008044
5008936
5009812
5010644
5011448
5012292
5013156
5014028
5014896
5015760
5016616
5017480
5018388
5019288
5020196
5021132
5022048
5022956
5023868
5024768
5025668
5026544
5027428
5028304
5029160
5030004
5030892
5031764
5032664
5033564
5034484
5035376
5036268
5037148
5038040
5038972
5039884
5040792
5041732
5042648
5043580
5044560
5045524
5046464
5047456
5048472
5049420
5050344
5051260
5052164
5053068
5053956
5054828
5055692
5056544
5057396
5058248
5059088
5059916
5060748
5061576
5062400
5063240
5064104
5064996
5065880
5066772
5067684
5068596
5069512
5070436
5071316
5072188
5073040
5073888
5074796
5075724
5076636
5077548
5078456
5079336
5080200
5081088
5081992
5082856
5083724
5084608
5085480
5086340
5087200
5088088
5088976
5089892
5090868
5091812
5092716
5093636
5094524
5095384
5096244
5097096
5097940
5098796
5099692
5100608
5101564
5102528
5103460
5104376
5105292
5106176
5107072
5107980
5108884
5109792
5110716
5111632
5112572
5113472
5114372
5115272
5116124
5116972
5117800
5118652
5119560
5120460
5121428
5122440
5123404
5124364
5125328
5126284
5127184
5128092
5129028
5129984
5130924
5131872
5132852
5133828
5134824
5135820
5136780
5137756
5138720
5139648
5140612
5141604
5142584
5143552
5144528
5145520
5146524
5147536
5148512
5149524
5150524
5151488
5152464
5153428
5154372
5155280
5156152
5156996
5157824
5158636
5159432
5160220
5160992
5161796
5162628
5163448
5164280
5165104
5165932
5166752
5167552
5168340
5169116
5169888
5170660
5171444
5172240
5173056
5173896
5174756
5175616
5176452
5177296
5178148
5178964
5179756
5180532
5181288
5182044
5182820
5183604
5184388
5185204
5186072
5186944
5187836
5188780
5189720
5190608
5191500
5192400
5193304
5194180
5195056
5195888
5196708
5197504
5198296
5199084
5199868
5200656
5201452
5202244
5203028
5203808
5204568
5205328
5206092
5206848
5207592
5208336
5209092
5209864
5210656
5211476
5212300
5213144
5213960
5214760
5215548
5216316
5217064
5217804
5218544
5219268
5219988
5220704
5221420
5222144
5222872
5223668
5224468
5225256
5226036
5226812
5227596
5228364
5229116
5229872
5230616
5231348
5232084
5232808
5233536
5234268
5234992
5235724
5236464
5237188
5237912
5238640
5239372
5240092
5240812
5241528
5242232
5242936
5243648
5244348
5245056
5245752
5246452
5247152
5247856
5248572
5249292
5250016
5250748
5251472
5252196
5252916
5253616
5254304
5255000
5255712
5256432
5257168
5257932
5258724
5259516
5260320
5261120
5261912
5262692
5263460
5264228
5264992
5265772
5266556
5267340
5268136
5268948
5269800
5270668
5271520
5272400
5273280
5274168
5275012
5275848
5276704
5277548
5278392
5279256
5280096
5280932
5281752
5282580
5283416
5284272
5285188
5286064
5286984
5287936
5288840
5289768
5290716
5291620
5292548
5293496
5294388
5295260
5296132
5297048
5297936
5298860
5299804
5300720
5301688
5302684
5303652
5304604
5305540
5306448
5307336
5308220
5309108
5309972
5310848
5311752
5312636
5313532
5314424
5315276
5316120
5316976
5317880
5318796
5319696
5320624
5321560
5322440
5323344
5324244
5325108
5326020
5326952
5327880
5328836
5329824
5330784
5331736
5332684
5333608
5334528
5335464
5336396
5337312
5338236
5339132
5340032
5340912
5341776
5342660
5343576
5344480
5345404
5346340
5347260
5348144
5349032
5349888
5350760
5351636
5352472
5353304
5354140
5355000
5355868
5356744
5357640
5358548
5359412
5360276
5361140
5361972
5362812
5363628
5364428
5365216
5366004
5366788
5367592
5368392
5369216
5370104
5371012
5371912
5372784
5373660
5374544
5375392
5376232
5377060
5377920
5378824
5379716
5380624
5381564
5382496
5383376
5384252
5385156
5386092
5387064
5388028
5389024
5390028
5390980
5391900
5392832
5393780
5394712
5395648
5396556
5397440
5398372
5399332
5400260
5401228
5402180
5403096
5403972
5404848
5405696
5406512
5407320
5408112
5408884
5409644
5410408
5411172
5411948
5412748
5413576
5414420
5415276
5416148
5417012
5417848
5418680
5419500
5420308
5421132
5421956
5422768
5423612
5424484
5425360
5426236
5427088
5427952
5428812
5429660
5430496
5431336
5432172
5432996
5433832
5434692
5435616
5436504
5437432
5438384
5439308
5440188
5441052
5441912
5442776
5443644
5444504
5445348
5446204
5447144
5448168
5449240
5450264
5451292
5452296
5453236
5454132
5455004
5455856
5456712
5457592
5458512
5459460
5460380
5461284
5462188
5463092
5463992
5464864
5465724
5466580
5467468
5468348
5469252
5470180
5471092
5472008
5472952
5473908
5474824
5475704
5476592
5477536
5478504
5479492
5480428
5481376
5482336
5483324
5484304
5485280
5486200
5487128
5488036
5488916
5489836
5490748
5491676
5492636
5493616
5494632
5495580
5496540
5497484
5498452
5499368
5500284
5501232
5502196
5503148
5504092
5505060
5506080
5507088
5508048
5509012
5509944
5510852
5511740
5512648
5513544
5514428
5515316
5516200
5517076
5517996
5518900
5519808
5520736
5521684
5522624
5523536
5524456
5525372
5526248
5527128
5527984
5528828
5529676
5530512
5531384
5532256
5533124
5533992
5534860
5535712
5536548
5537360
5538164
5538952
5539724
5540492
5541288
5542112
5542940
5543784
5544640
5545508
5546380
5547292
5548236
5549128
5550056
5550980
5551860
5552732
5553600
5554452
5555312
5556156
5556988
5557820
5558668
5559540
5560404
5561248
5562084
5562904
5563716
5564524
5565328
5566136
5566948
5567756
5568592
5569432
5570300
5571180
5572032
5572884
5573732
5574548
5575372
5576172
5576976
5577784
5578600
5579416
5580212
5581028
5581828
5582636
5583440
5584224
5585000
5585796
5586608
5587464
5588364
5589216
5590092
5590996
5591868
5592728
5593568
5594372
5595160
5595936
5596684
5597444
5598184
5598924
5599656
5600376
5601088
5601816
5602536
5603252
5603984
5604724
5605464
5606216
5607000
5607772
5608540
5609320
5610100
5610868
5611624
5612408
5613176
5613952
5614724
5615488
5616252
5617000
5617744
5618488
5619228
5619972
5620716
5621468
5622236
5623008
5623772
5624544
5625304
5626060
5626800
5627556
5628300
5629040
5629776
5630520
5631244
5631972
5632692
5633400
5634108
5634820
5635528
5636228
5636940
5637652
5638364
5639084
5639804
5640520
5641248
5641988
5642720
5643464
5644224
5644988
5645748
5646524
5647284
5648040
5648808
5649556
5650304
5651052
5651784
5652500
5653224
5653948
5654660
5655388
5656140
5656900
5657700
5658552
5659396
5660288
5661192
5662068
5662960
5663860
5664752
5665652
5666584
5667484
5668428
5669396
5670344
5671308
5672288
5673212
5674148
5675092
5676004
5676932
5677880
5678824
5679800
5680780
5681724
5682668
5683632
5684544
5685480
5686444
5687352
5688296
5689228
5690120
5691084
5692040
5692936
5693852
5694744
5695624
5696520
5697460
5698364
5699256
5700184
5701092
5702044
5703068
5704056
5705060
5706068
5707036
5708024
5709052
5710056
5711084
5712152
5713156
5714192
5715284
5716316
5717388
5718480
5719556
5720640
5721644
5722636
5723692
5724732
5725788
5726872
5727880
5728920
5729964
5730980
5732024
5733080
5734096
5735172
5736252
5737228
5738224
5739240
5740220
5741232
5742288
5743272
5744284
5745320
5746300
5747304
5748308
5749252
5750232
5751236
5752184
5753172
5754184
5755148
5756128
5757092
5758020
5759040
5760084
5761072
5762068
5763060
5764048
5765064
5766076
5767032
5767996
5768900
5769768
5770620
5771536
5772528
5773500
5774492
5775532
5776536
5777524
5778528
5779564
5780596
5781640
5782624
5783632
5784668
5785760
5786760
5787820
5788952
5790036
5791108
5792188
5793252
5794340
5795420
5796488
5797532
5798544
5799548
5800500
5801484
5802488
5803536
5804568
5805632
5806620
5807620
5808612
5809536
5810472
5811440
5812384
5813344
5814340
5815344
5816308
5817304
5818312
5819288
5820296
5821320
5822336
5823364
5824416
5825420
5826444
5827464
5828380
5829304
5830200
5831104
5831996
5832860
5833724
5834600
5835544
5836476
5837420
5838388
5839332
5840308
5841324
5842324
5843292
5844268
5845280
5846308
5847352
5848432
5849520
5850616
5851608
5852596
5853540
5854464
5855356
5856212
5857080
5857936
5858792
5859644
5860468
5861300
5862160
5863108
5864056
5864992
5865964
5866944
5867884
5868812
5869732
5870636
5871500
5872344
5873184
5874068
5874920
5875760
5876600
5877432
5878360
5879300
5880252
5881208
5882180
5883168
5884136
5885144
5886188
5887188
5888216
5889288
5890392
5891440
5892480
5893472
5894424
5895408
5896404
5897404
5898376
5899388
5900412
5901452
5902460
5903492
5904532
5905532
5906556
5907552
5908520
5909460
5910448
5911460
5912436
5913460
5914500
5915472
5916384
5917344
5918320
5919260
5920196
5921168
5922136
5923092
5924072
5925052
5926008
5926996
5928016
5928956
5929868
5930748
5931668
5932644
5933580
5934588
5935604
5936604
5937644
5938704
5939740
5940732
5941764
5942808
5943804
5944816
5945844
5946840
5947852
5948888
5949904
5950932
5951980
5953020
5954036
5955068
5956096
5957064
5958056
5959060
5960044
5961060
5962084
5963032
5963988
5964940
5965848
5966776
5967680
5968624
5969596
5970504
5971432
5972356
5973248
5974180
5975108
5976004
5976932
5977856
5978776
5979716
5980668
5981612
5982532
5983488
5984440
5985348
5986296
5987256
5988188
5989120
5990076
5990988
5991868
5992748
5993740
5994780
5995796
5996812
5997836
5998796
5999780
6000788
6001812
6002828
6003876
6004932
6005980
6007036
6008092
6009156
6010180
6011232
6012284
6013296
6014252
6015172
6016092
6017060
6018028
6018968
6019956
6020964
6021972
6022936
6023924
6024916
6025892
6026892
6027932
6028984
6029956
6030976
6032012
6033044
6034024
6035052
6036072
6037056
6038068
6039048
6039980
6040904
6041820
6042732
6043620
6044576
6045544
6046464
6047420
6048372
6049292
6050188
6051100
6052060
6053012
6053972
6054964
6055988
6056956
6057952
6058984
6060012
6061036
6062080
6063132
6064152
6065188
6066252
6067244
6068276
6069216
6070136
6071028
6071884
6072736
6073564
6074384
6075212
6076024
6076828
6077616
6078400
6079208
6080016
6080848
6081708
6082540
6083356
6084188
6085072
6085936
6086828
6087708
6088588
6089452
6090280
6091116
6091940
6092772
6093624
6094488
6095356
6096288
6097192
6098080
6098952
6099792
6100652
6101512
6102344
6103208
6104068
6104960
6105848
6106740
6107668
6108616
6109556
6110528
6111548
6112600
6113556
6114476
6115384
6116348
6117372
6118364
6119292
6120228
6121168
6122080
6123020
6124012
6125024
6126008
6126956
6127916
6128868
6129796
6130712
6131640
6132572
6133480
6134436
6135384
6136352
6137320
6138300
6139220
6140124
6141048
6141932
6142780
6143664
6144580
6145524
6146432
6147368
6148328
6149300
6150216
6151136
6152092
6153052
6153964
6154892
6155840
6156832
6157800
6158784
6159800
6160824
6161808
6162796
6163796
6164828
6165796
6166792
6167796
6168824
6169808
6170800
6171812
6172796
6173784
6174764
6175716
6176636
6177564
6178524
6179468
6180416
6181332
6182240
6183228
6184180
6185164
6186144
6187100
6188064
6189040
6190040
6190992
6191948
6192908
6193836
6194796
6195752
6196676
6197640
6198544
6199420
6200280
6201180
6202148
6203064
6204000
6204952
6205936
6206872
6207824
6208800
6209744
6210704
6211696
6212728
6213768
6214816
6215868
6216832
6217804
6218796
6219812
6220864
6221880
6222920
6223932
6224936
6225868
6226768
6227708
6228692
6229684
6230684
6231680
6232640
6233596
6234584
6235564
6236564
6237560
6238564
6239584
6240568
6241572
6242560
6243548
6244516
6245500
6246508
6247496
6248468
6249452
6250444
6251428
6252404
6253392
6254388
6255336
6256296
6257280
6258288
6259224
6260200
6261180
6262168
6263128
6264092
6265056
6265972
6266900
6267848
6268820
6269776
6270740
6271716
6272696
6273676
6274664
6275616
6276564
6277532
6278512
6279488
6280480
6281508
6282552
6283552
6284552
6285564
6286556
6287512
6288484
6289400
6290284
6291160
6292084
6293064
6294036
6295032
6296040
6297028
6298040
6299056
6300080
6301024
6301988
6302944
6303848
6304756
6305648
6306508
6307356
6308232
6309116
6310016
6310928
6311828
6312732
6313644
6314548
6315436
6316360
6317324
6318276
6319232
6320148
6321100
6322068
6323048
6324048
6325000
6325992
6326988
6328020
6328976
6329968
6330992
6332028
6333028
6334032
6335064
6336084
6337044
6338032
6339032
6340044
6340992
6341948
6342904
6343864
6344796
6345728
6346692
6347668
6348568
6349480
6350396
6351324
6352220
6353108
6354036
6354968
6355892
6356844
6357820
6358812
6359776
6360764
6361760
6362796
6363796
6364784
6365796
6366816
6367820
6368800
6369796
6370808
6371776
6372772
6373772
6374788
6375772
6376760
6377768
6378788
6379784
6380764
6381764
6382768
6383736
6384704
6385672
6386656
6387612
6388568
6389528
6390464
6391372
6392304
6393252
6394236
6395192
6396180
6397156
6398116
6399068
6400028
6401004
6401944
6402892
6403832
6404740
6405628
6406512
6407408
6408276
6409148
6410028
6410888
6411728
6412560
6413392
6414264
6415148
6415996
6416868
6417752
6418632
6419548
6420468
6421384
6422324
6423260
6424196
6425160
6426136
6427112
6428100
6429108
6430092
6431120
6432132
6433124
6434104
6435092
6436092
6437048
6438020
6439004
6439980
6440892
6441800
6442676
6443536
6444380
6445216
6446016
6446824
6447624
6448416
6449228
6450068
6450940
6451824
6452684
6453524
6454368
6455292
6456256
6457276
6458276
6459336
6460408
6461384
6462308
6463208
6464084
6464908
6465712
6466508
6467288
6468072
6468848
6469612
6470384
6471168
6471940
6472720
6473532
6474372
6475220
6476064
6476912
6477752
6478572
6479388
6480216
6481024
6481844
6482664
6483464
6484264
6485064
6485844
6486628
6487420
6488244
6489068
6489924
6490760
6491584
6492384
6493168
6493948
6494716
6495480
6496236
6497004
6497772
6498544
6499388
6500284
6501220
6502168
6503136
6504108
6505028
6505964
6506904
6507800
6508732
6509648
6510564
6511508
6512488
6513456
6514416
6515380
6516284
6517180
6518060
6518908
6519760
6520612
6521444
6522288
6523140
6523960
6524772
6525580
6526452
6527372
6528284
6529236
6530168
6531048
6531948
6532856
6533792
6534712
6535644
6536600
6537520
6538448
6539388
6540276
6541216
6542188
6543168
6544088
6545036
6546000
6546908
6547860
6548816
6549720
6550660
6551592
6552528
6553500
6554480
6555448
6556424
6557396
6558300
6559204
6560096
6560944
6561776
6562628
6563520
6564404
6565308
6566240
6567144
6568068
6568992
6569884
6570792
6571716
6572644
6573600
6574548
6575468
6576408
6577352
6578268
6579180
6580076
6580968
6581852
6582744
6583612
6584496
6585392
6586256
6587128
6588012
6588888
6589776
6590692
6591584
6592496
6593420
6594308
6595160
6595976
6596816
6597740
6598688
6599672
6600640
6601604
6602544
6603428
6604336
6605248
6606172
6607132
6608096
6609032
6609984
6610928
6611892
6612884
6613884
6614868
6615856
6616832
6617764
6618716
6619660
6620556
6621476
6622420
6623364
6624256
6625192
6626132
6627072
6628016
6628972
6629908
6630848
6631764
6632688
6633632
6634604
6635504
6636416
6637360
6638244
6639096
6639952
6640808
6641648
6642472
6643300
6644212
6645144
6646084
6647020
6647928
6648848
6649760
6650652
6651548
6652452
6653356
6654304
6655276
6656220
6657180
6658120
6659028
6659944
6660880
6661788
6662712
6663648
6664580
6665536
6666492
6667432
6668376
6669308
6670224
6671132
6672008
6672844
6673676
6674540
6675452
6676344
6677260
6678180
6679100
6679988
6680880
6681800
6682736
6683636
6684560
6685460
6686360
6687240
6688092
6688992
6689924
6690848
6691788
6692744
6693688
6694576
6695488
6696396
6697280
6698240
6699208
6700160
6701152
6702128
6703060
6704040
6705052
6706044
6706968
6707916
6708840
6709732
6710648
6711584
6712500
6713428
6714396
6715328
6716292
6717256
6718204
6719180
6720156
6721084
6722040
6722996
6723928
6724860
6725832
6726776
6727752
6728756
6729804
6730784
6731800
6732808
6733800
6734772
6735736
6736648
6737612
6738596
6739572
6740552
6741536
6742480
6743420
6744376
6745332
6746248
6747192
6748148
6749100
6750060
6751004
6751920
6752848
6753776
6754700
6755648
6756552
6757424
6758292
6759140
6759940
6760720
6761536
6762360
6763216
6764104
6764968
6765860
6766756
6767652
6768580
6769508
6770408
6771320
6772220
6773132
6774040
6774964
6775904
6776828
6777764
6778692
6779604
6780500
6781368
6782252
6783152
6784072
6784984
6785908
6786836
6787760
6788692
6789620
6790512
6791400
6792272
6793116
6793984
6794852
6795716
6796608
6797504
6798376
6799264
6800140
6800996
6801844
6802680
6803512
6804360
6805224
6806080
6806960
6807832
6808676
6809520
6810368
6811200
6812060
6812948
6813804
6814684
6815596
6816496
6817384
6818280
6819124
6819956
6820748
6821524
6822296
6823060
6823800
6824548
6825276
6826000
6826724
6827448
6828180
6828940
6829724
6830536
6831356
6832180
6833024
6833892
6834768
6835668
6836568
6837468
6838396
6839312
6840244
6841192
6842116
6843024
6843968
6844904
6845796
6846688
6847612
6848516
6849420
6850340
6851240
6852136
6853036
6853884
6854752
6855628
6856456
6857272
6858068
6858904
6859832
6860716
6861664
6862624
6863564
6864520
6865488
6866444
6867420
6868408
6869360
6870316
6871300
6872264
6873252
6874248
6875188
6876160
6877096
6877996
6878900
6879804
6880684
6881588
6882504
6883452
6884372
6885320
6886264
6887204
6888160
6889116
6890076
6891000
6891932
6892896
6893820
6894764
6895724
6896676
6897588
6898528
6899492
6900428
6901372
6902328
6903264
6904152
6905028
6905868
6906680
6907484
6908276
6909148
6910084
6911096
6912096
6913128
6914148
6915132
6916096
6917036
6917928
6918844
6919796
6920820
6921820
6922872
6923920
6924936
6925940
6926964
6927864
6928808
6929736
6930632
6931552
6932468
6933396
6934328
6935224
6936116
6937016
6937880
6938772
6939696
6940608
6941584
6942564
6943500
6944496
6945484
6946424
6947360
6948280
6949188
6950064
6950912
6951748
6952580
6953464
6954348
6955288
6956264
6957196
6958152
6959100
6960024
6960988
6961948
6962868
6963792
6964708
6965608
6966492
6967348
6968208
6969064
6969900
6970748
6971584
6972452
6973340
6974240
6975160
6976068
6977004
6977956
6978928
6979852
6980784
6981716
6982660
6983572
6984500
6985432
6986356
6987296
6988236
6989156
6990068
6990972
6991884
6992816
6993696
6994580
6995456
6996308
6997116
6997932
6998760
6999612
7000468
7001372
7002324
7003216
7004112
7005016
7005884
7006736
7007588
7008436
7009284
7010124
7010932
7011772
7012616
7013436
7014240
7015064
7015944
7016832
7017724
7018612
7019480
7020328
7021212
7022108
7023000
7023932
7024868
7025796
7026728
7027684
7028652
7029576
7030524
7031460
7032356
7033244
7034128
7034996
7035844
7036692
7037564
7038468
7039400
7040364
7041312
7042244
7043176
7044068
7044980
7045880
7046760
7047632
7048524
7049432
7050300
7051176
7052052
7052916
7053776
7054644
7055512
7056368
7057228
7058088
7058916
7059732
7060516
7061272
7062008
7062760
7063500
7064224
7064952
7065680
7066412
7067124
7067832
7068540
7069236
7069936
7070636
7071360
7072084
7072844
7073604
7074364
7075144
7075928
7076724
7077520
7078304
7079092
7079888
7080692
7081492
7082288
7083080
7083864
7084644
7085420
7086208
7086996
7087780
7088560
7089352
7090144
7090928
7091720
7092512
7093292
7094104
7094900
7095696
7096512
7097352
7098196
7099040
7099872
7100696
7101528
7102360
7103188
7104000
7104796
7105592
7106380
7107164
7107952
7108744
7109536
7110332
7111128
7111904
7112680
7113444
7114208
7114960
7115696
7116428
7117184
7117944
7118708
7119500
7120292
7121084
7121912
7122728
7123516
7124316
7125108
7125900
7126720
7127536
7128372
7129244
7130116
7131008
7131924
7132848
7133792
7134728
7135656
7136568
7137480
7138384
7139304
7140216
7141080
7141944
7142824
7143728
7144584
7145464
7146356
7147256
7148132
7149048
7149988
7150884
7151780
7152680
7153532
7154404
7155276
7156120
7156984
7157872
7158732
7159628
7160524
7161400
7162308
7163192
7164032
7164848
7165644
7166464
7167296
7168168
7169040
7169916
7170820
7171708
7172588
7173488
7174384
7175348
7176340
7177352
7178328
7179308
7180248
7181164
7182084
7182988
7183856
7184744
7185668
7186556
7187508
7188440
7189324
7190232
7191124
7191984
7192848
7193748
7194720
7195660
7196620
7197572
7198464
7199348
7200212
7201100
7201976
7202896
7203824
7204740
7205628
7206516
7207452
7208340
7209240
7210148
7211040
7211972
7212916
7213844
7214780
7215720
7216588
7217444
7218268
7219076
7219876
7220664
7221444
7222212
7223040
7223844
7224652
7225456
7226240
7227028
7227824
7228608
7229384
7230176
7230972
7231768
7232572
7233380
7234180
7235004
7235820
7236640
7237472
7238288
7239104
7239928
7240740
7241548
7242360
7243168
7243988
7244820
7245660
7246516
7247336
7248140
7248932
7249692
7250460
7251232
7251984
7252744
7253508
7254264
7255016
7255772
7256524
7257292
7258068
7258852
7259640
7260440
7261256
7262060
7262860
7263644
7264416
7265184
7265944
7266720
7267492
7268256
7269012
7269784
7270576
7271388
7272204
7273036
7273872
7274692
7275524
7276372
7277212
7278072
7278916
7279736
7280536
7281356
7282204
7283104
7284004
7284920
7285856
7286804
7287752
7288696
7289628
7290572
7291524
7292456
7293380
7294300
7295236
7296144
7297040
7297940
7298844
7299728
7300624
7301528
7302456
7303344
7304268
7305200
7306104
7307016
7307928
7308792
7309728
7310544
7311340
7312152
7312972
7313804
7314632
7315484
7316368
7317260
7318176
7319104
7319992
7320896
7321816
7322764
7323684
7324616
7325524
7326420
7327324
7328224
7329064
7329932
7330848
7331736
7332592
7333440
7334352
7335300
7336236
7337204
7338180
7339160
7340128
7341100
7342100
7343036
7343996
7344948
7345832
7346672
7347500
7348300
7349072
7349824
7350580
7351352
7352120
7352928
7353728
7354520
7355316
7356104
7356892
7357668
7358464
7359284
7360176
7361048
7361944
7362908
7363900
7364852
7365836
7366832
7367840
7368792
7369776
7370788
7371796
7372768
7373744
7374732
7375668
7376620
7377556
7378476
7379340
7380180
7381028
7381916
7382828
7383728
7384612
7385488
7386356
7387200
7388024
7388840
7389628
7390444
7391284
7392144
7393048
7393920
7394768
7395624
7396476
7397304
7398144
7399000
7399836
7400676
7401548
7402404
7403268
7404168
7405108
7406076
7407040
7407964
7408868
7409756
7410588
7411404
7412196
7412988
7413788
7414616
7415440
7416328
7417244
7418196
7419132
7420100
7421080
7422052
7422980
7423920
7424860
7425784
7426716
7427604
7428488
7429328
7430216
7431144
7432112
7433044
7433940
7434832
7435716
7436572
7437416
7438272
7439152
7440020
7440880
7441720
7442552
7443380
7444204
7445008
7445792
7446588
7447412
7448292
7449168
7450076
7451008
7451984
7452912
7453860
7454820
7455788
7456760
7457740
7458736
7459696
7460648
7461648
7462636
7463596
7464576
7465540
7466440
7467364
7468284
7469160
7470072
7471028
7472044
7473120
7474116
7475136
7476148
7477124
7478072
7479036
7480004
7480940
7481892
7482832
7483740
7484668
7485560
7486416
7487240
7488028
7488824
7489628
7490448
7491284
7492104
7492936
7493768
7494580
7495396
7496200
7496996
7497796
7498600
7499412
7500272
7501164
7502028
7502928
7503836
7504704
7505604
7506500
7507408
7508308
7509168
7510028
7510868
7511672
7512504
7513324
7514120
7514948
7515748
7516572
7517408
7518256
7519108
7519968
7520848
7521768
7522684
7523612
7524520
7525400
7526288
7527160
7528028
7528904
7529788
7530684
7531584
7532472
7533332
7534172
7534988
7535780
7536552
7537304
7538068
7538836
7539596
7540356
7541124
7541888
7542664
7543436
7544212
7545000
7545800
7546600
7547408
7548196
7548988
7549788
7550568
7551356
7552172
7552968
7553780
7554616
7555452
7556276
7557100
7557920
7558780
7559628
7560488
7561372
7562232
7563112
7564016
7564892
7565800
7566744
7567688
7568604
7569512
7570424
7571320
7572200
7573132
7574080
7574976
7575888
7576776
7577636
7578480
7579300
7580132
7580984
7581828
7582712
7583580
7584432
7585300
7586148
7586968
7587796
7588604
7589412
7590228
7591036
7591844
7592664
7593496
7594328
7595168
7596012
7596836
7597660
7598484
7599316
7600116
7600928
7601760
7602552
7603328
7604140
7604956
7605780
7606596
7607400
7608228
7609048
7609856
7610652
7611436
7612220
7613012
7613808
7614608
7615408
7616196
7616972
7617744
7618500
7619244
7619984
7620736
7621496
7622272
7623048
7623812
7624596
7625392
7626228
7627120
7628008
7628880
7629780
7630692
7631628
7632564
7633440
7634308
7635144
7635956
7636776
7637628
7638508
7639368
7640228
7641104
7641984
7642864
7643736
7644592
7645420
7646272
7647132
7648012
7648864
7649732
7650620
7651508
7652396
7653288
7654208
7655132
7656028
7656864
7657688
7658480
7659324
7660264
7661196
7662112
7663048
7664000
7664952
7665864
7666820
7667792
7668792
7669836
7670896
7671948
7672944
7673964
7674900
7675852
7676772
7677644
7678508
7679340
7680144
7680944
7681732
7682544
7683428
7684300
7685172
7686020
7686852
7687668
7688464
7689236
7690068
7690924
7691836
7692740
7693696
7694668
7695600
7696500
7697384
7698324
7699300
7700216
7701132
7702020
7702956
7703960
7704928
7705900
7706880
7707808
7708700
7709608
7710564
7711580
7712544
7713528
7714532
7715532
7716492
7717404
7718316
7719248
7720220
7721192
7722108
7723060
7724004
7724976
7725912
7726800
7727688
7728624
7729612
7730612
7731552
7732496
7733452
7734436
7735420
7736356
7737300
7738252
7739220
7740152
7741076
7741976
7742876
7743820
7744796
7745716
7746648
7747596
7748540
7749428
7750296
7751200
7752096
7752964
7753860
7754780
7755676
7756564
7757464
7758392
7759296
7760168
7761060
7761980
7762932
7763916
7764884
7765872
7766836
7767764
7768652
7769568
7770468
7771360
7772292
7773240
7774168
7775128
7776120
7777132
7778104
7779064
7779988
7780932
7781884
7782784
7783688
7784616
7785572
7786556
7787544
7788560
7789580
7790560
7791556
7792560
7793552
7794488
7795448
7796404
7797316
7798208
7799148
7800076
7801040
7802016
7803020
7803948
7804912
7805876
7806860
7807780
7808672
7809604
7810540
7811444
7812380
7813316
7814264
7815188
7816128
7817080
7818020
7818908
7819776
7820612
7821448
7822276
7823088
7823920
7824752
7825580
7826404
7827252
7828136
7829016
7829904
7830816
7831716
7832588
7833488
7834380
7835276
7836140
7836988
7837812
7838636
7839492
7840368
7841212
7842040
7842840
7843612
7844412
7845220
7846024
7846848
7847676
7848532
7849428
7850332
7851244
7852184
7853144
7854136
7855124
7856112
7857076
7857988
7858896
7859764
7860660
7861588
7862508
7863412
7864304
7865228
7866180
7867152
7868100
7869076
7870060
7871020
7871944
7872836
7873704
7874544
7875400
7876244
7877116
7878004
7878860
7879708
7880544
7881352
7882156
7882936
7883696
7884448
7885200
7885940
7886676
7887408
7888140
7888900
7889704
7890496
7891280
7892076
7892864
7893660
7894448
7895228
7896012
7896804
7897592
7898388
7899180
7899960
7900740
7901516
7902284
7903064
7903892
7904756
7905628
7906500
7907376
7908228
7909084
7909932
7910768
7911584
7912396
7913184
7913964
7914732
7915492
7916248
7917024
7917816
7918624
7919456
7920288
7921128
7921976
7922828
7923656
7924504
7925372
7926256
7927124
7927972
7928808
7929640
7930472
7931288
7932112
7932940
7933752
7934564
7935384
7936192
7937000
7937800
7938608
7939408
7940200
7941004
7941796
7942588
7943392
7944196
7945012
7945844
7946656
7947468
7948276
7949064
7949868
7950668
7951452
7952252
7953044
7953860
7954656
7955456
7956240
7957040
7957840
7958624
7959408
7960204
7961004
7961832
7962700
7963588
7964516
7965428
7966372
7967312
7968252
7969148
7970052
7970932
7971840
7972724
7973612
7974516
7975448
7976356
7977272
7978212
7979144
7980028
7980932
7981840
7982720
7983576
7984412
7985300
7986252
7987216
7988132
7989048
7989996
7990900
7991808
7992728
7993608
7994500
7995384
7996232
7997112
7998024
7998952
7999836
8000740
8001672
8002616
8003516
8004400
8005244
8006132
8007056
8007936
8008856
8009800
8010712
8011608
8012512
8013404
8014264
8015140
8016004
8016908
8017856
8018792
8019736
8020700
8021652
8022584
8023532
8024472
8025396
8026316
8027264
8028236
8029156
8030112
8031056
8031952
8032828
8033688
8034524
8035356
8036180
8037084
8037992
8038928
8039892
8040856
8041796
8042744
8043732
8044700
8045604
8046520
8047444
8048380
8049300
8050248
8051224
8052176
8053128
8054088
8055060
8055976
8056872
8057752
8058684
8059624
8060536
8061468
8062416
8063352
8064252
8065164
8066096
8067028
8067960
8068908
8069896
8070860
8071816
8072760
8073680
8074592
8075464
8076332
8077180
8078016
8078852
8079720
8080628
8081568
8082464
8083396
8084324
8085264
8086192
8087132
8088088
8089048
8089984
8090952
8091900
8092832
8093780
8094684
8095596
8096528
8097480
8098416
8099360
8100320
8101264
8102184
8103152
8104124
8105064
8106020
8107004
8107992
8108960
8109960
8110936
8111892
8112856
8113836
8114796
8115760
8116752
8117720
8118660
8119584
8120480
8121408
8122292
8123212
8124168
8125088
8125996
8126880
8127728
8128568
8129364
8130168
8130960
8131748
8132544
8133320
8134108
8134904
8135708
8136516
8137372
8138272
8139164
8140076
8140988
8141872
8142784
8143680
8144584
8145436
8146264
8147100
8147944
8148796
8149656
8150544
8151460
8152364
8153308
8154296
8155264
8156288
8157300
8158288
8159300
8160324
8161312
8162308
8163324
8164324
8165268
8166224
8167164
8168060
8168932
8169812
8170684
8171568
8172504
8173420
8174340
8175284
8176248
8177252
8178196
8179108
8180004
8180912
8181864
8182792
8183776
8184760
8185696
8186652
8187560
8188456
8189368
8190284
8191204
8192088
8192956
8193824
8194660
8195508
8196380
8197280
8198180
8199104
8200064
8201004
8201956
8202932
8203852
8204780
8205704
8206600
8207512
8208428
8209360
8210284
8211172
8212044
8212880
8213696
8214528
8215388
8216236
8217120
8218032
8218940
8219876
8220836
8221812
8222756
8223736
8224732
8225680
8226676
8227676
8228636
8229604
8230596
8231548
8232508
8233464
8234356
8235264
8236136
8237060
8238036
8239024
8239968
8240928
8241868
8242768
8243640
8244492
8245332
8246144
8246948
8247760
8248580
8249420
8250256
8251104
8251964
8252832
8253712
8254600
8255484
8256360
8257220
8258064
8258900
8259712
8260504
8261304
8262088
8262844
8263632
8264432
8265288
8266304
8267308
8268292
8269212
8270108
8271000
8271924
8272888
8273800
8274728
8275688
8276672
8277648
8278608
8279592
8280588
8281572
8282504
8283428
8284376
8285344
8286324
8287288
8288232
8289208
8290184
8291124
8292044
8292980
8293928
8294888
8295800
8296724
8297656
8298604
8299536
8300452
8301404
8302344
8303268
8304164
8305032
8305864
8306724
8307644
8308628
8309624
8310620
8311532
8312480
8313452
8314404
8315368
8316372
8317412
8318404
8319400
8320392
8321352
8322332
8323308
8324248
8325220
8326236
8327224
8328240
8329284
8330308
8331276
8332268
8333268
8334228
8335164
8336116
8337092
8338032
8338984
8339956
8340972
8341940
8342940
8343924
8344872
8345848
8346832
8347812
8348784
8349800
8350784
8351716
8352660
8353552
8354432
8355284
8356104
8356920
8357728
8358524
8359332
8360160
8360968
8361780
8362616
8363448
8364268
8365100
8365960
8366808
8367672
8368552
8369440
8370340
8371252
8372136
8373032
8373924
8374804
8375692
8376588
8377460
8378344
8379220
8380096
8381008
8381952
8382932
8383868
8384816
8385776
8386708
8387620
8388528
8389420
8390316
8391196
8392080
8392964
8393836
8394744
8395652
8396532
8397428
8398328
8399236
8400116
8401004
8401888
8402756
8403596
8404432
8405260
8406096
8406924
8407760
8408612
8409440
8410260
8411096
8411924
8412744
8413588
8414432
8415252
8416092
8416900
8417696
8418488
8419252
8420028
8420792
8421548
8422308
8423080
8423832
8424588
8425352
8426128
8426908
8427700
8428492
8429272
8430080
8430864
8431648
8432424
8433200
8433964
8434724
8435488
8436256
8437052
8437880
8438720
8439632
8440564
8441472
8442408
8443348
8444228
8445088
8445956
8446828
8447672
8448532
8449360
8450220
8451124
8451984
8452892
8453872
8454876
8455808
8456764
8457752
8458712
8459672
8460664
8461672
8462648
8463628
8464636
8465648
8466596
8467572
8468508
8469468
8470408
8471296
8472164
8473008
8473956
8475016
8476088
8477116
8478144
8479184
8480196
8481164
8482104
8483084
8484064
8484980
8485928
8486932
8487952
8488992
8489988
8491020
8492040
8493060
8494020
8495004
8496012
8497020
8498016
8499032
8500076
8501064
8502076
8503112
8504128
8505084
8506048
8507044
8508056
8509004
8509992
8510976
8511976
8512916
8513888
8514904
8515932
8516916
8517908
8518924
8519936
8520928
8521936
8522960
8523984
8524928
8525912
8526928
8527904
8528892
8529896
8530920
8531888
8532852
8533864
8534892
8535880
8536876
8537912
8538968
8539988
8540976
8541964
8542884
8543764
8544656
8545516
8546408
8547316
8548208
8549124
8550008
8550924
8551860
8552780
8553732
8554728
8555744
8556780
8557792
8558804
8559804
8560784
8561740
8562720
8563716
8564720
8565696
8566680
8567684
8568672
8569616
8570572
8571536
8572488
8573468
8574432
8575372
8576288
8577172
8578036
8578876
8579704
8580524
8581328
8582124
8582912
8583684
8584464
8585236
8586012
8586796
8587600
8588424
8589264
8590080
8590936
8591840
8592720
8593640
8594560
8595456
8596360
8597244
8598164
8599104
8600020
8600968
8601924
8602904
8603856
8604808
8605772
8606744
8607684
8608616
8609556
8610516
8611448
8612404
8613356
8614280
8615216
8616160
8617120
8618032
8618972
8619924
8620860
8621772
8622684
8623620
8624556
8625448
8626356
8627264
8628128
8628976
8629804
8630636
8631516
8632420
8633308
8634228
8635156
8636096
8637020
8637948
8638884
8639784
8640700
8641624
8642520
8643412
8644308
8645216
8646096
8646952
8647820
8648692
8649588
8650464
8651368
8652292
8653228
8654128
8655036
8655932
8656836
8657696
8658552
8659412
8660260
8661092
8661932
8662776
8663648
8664496
8665332
8666172
8667004
8667836
8668652
8669460
8670256
8671048
8671828
8672604
8673380
8674152
8674932
8675728
8676528
8677312
8678128
8678964
8679828
8680696
8681580
8682480
8683360
8684264
8685188
8686116
8687016
8687940
8688888
8689844
8690768
8691688
8692600
8693460
8694300
8695108
8695912
8696740
8697588
8698440
8699312
8700152
8701016
8701868
8702720
8703600
8704484
8705344
8706220
8707084
8707936
8708812
8709684
8710556
8711440
8712296
8713160
8713996
8714832
8715652
8716456
8717240
8718028
8718816
8719616
8720428
8721252
8722068
8722900
8723736
8724556
8725388
8726212
8727032
8727856
8728680
8729492
8730276
8731048
8731856
8732712
8733608
8734500
8735432
8736372
8737284
8738216
8739160
8740056
8740972
8741904
8742796
8743704
8744604
8745488
8746372
8747244
8748148
8749024
8749928
8750840
8751712
8752608
8753508
8754400
8755264
8756140
8757016
8757880
8758744
8759612
8760472
8761308
8762148
8762988
8763828
8764652
8765492
8766348
8767224
8768056
8768868
8769688
8770528
8771396
8772264
8773136
8774016
8774892
8775792
8776724
8777628
8778560
8779512
8780472
8781408
8782352
8783288
8784192
8785116
8785996
8786912
8787856
8788760
8789724
8790704
8791648
8792612
8793584
8794500
8795444
8796380
8797300
8798248
8799200
8800112
8801048
8801988
8802908
8803872
8804852
8805824
8806784
8807740
8808680
8809576
8810468
8811336
8812176
8813024
8813892
8814724
8815544
8816352
8817136
8817928
8818716
8819496
8820268
8821032
8821796
8822564
8823344
8824108
8824916
8825764
8826632
8827520
8828432
8829384
8830340
8831272
8832228
8833216
8834184
8835164
8836128
8837076
8838032
8838972
8839872
8840792
8841768
8842732
8843704
8844676
8845596
8846548
8847512
8848460
8849424
8850368
8851300
8852220
8853160
8854060
8854944
8855824
8856656
8857484
8858308
8859104
8859896
8860684
8861504
8862408
8863304
8864200
8865092
8865988
8866848
8867736
8868644
8869596
8870536
8871496
8872460
8873376
8874320
8875276
8876224
8877140
8878064
8879000
8879916
8880816
8881720
8882600
8883500
8884404
8885324
8886220
8887140
8888056
8888960
8889880
8890828
8891744
8892644
8893568
8894492
8895384
8896288
8897192
8898068
8898952
8899872
8900808
8901692
8902616
8903540
8904420
8905332
8906264
8907192
8908124
8909084
8910024
8910952
8911900
8912824
8913728
8914668
8915620
8916572
8917524
8918468
8919392
8920292
8921204
8922124
8922984
8923836
8924648
8925460
8926316
8927176
8928052
8928940
8929784
8930660
8931528
8932376
8933252
8934144
8935068
8935964
8936864
8937784
8938652
8939544
8940452
8941340
8942264
8943200
8944128
8945028
8945944
8946872
8947772
8948672
8949576
8950448
8951340
8952248
8953128
8954032
8954956
8955852
8956736
8957620
8958500
8959380
8960268
8961160
8962072
8963000
8963920
8964796
8965692
8966608
8967488
8968392
8969304
8970216
8971132
8972048
8972968
8973844
8974744
8975656
8976544
8977464
8978416
8979336
8980264
8981164
8982032
8982892
8983752
8984596
8985456
8986332
8987208
8988088
8988980
8989888
8990764
8991672
8992568
8993440
8994280
8995108
8995948
8996800
8997656
8998508
8999380
9000260
9001140
9002012
9002880
9003744
9004620
9005532
9006444
9007360
9008280
9009204
9010132
9011080
9012028
9012980
9013912
9014844
9015724
9016572
9017396
9018220
9019084
9020000
9020892
9021752
9022636
9023536
9024468
9025364
9026280
9027224
9028172
9029108
9030032
9030976
9031928
9032888
9033792
9034712
9035648
9036596
9037532
9038456
9039372
9040304
9041244
9042136
9043032
9043936
9044836
9045712
9046592
9047492
9048388
9049300
9050224
9051152
9052076
9053008
9053888
9054740
9055576
9056420
9057264
9058112
9058936
9059752
9060568
9061392
9062252
9063108
9063956
9064820
9065680
9066544
9067428
9068332
9069244
9070120
9070972
9071808
9072628
9073436
9074236
9075020
9075804
9076596
9077368
9078148
9078912
9079664
9080416
9081164
9081908
9082660
9083424
9084196
9084964
9085776
9086588
9087424
9088284
9089148
9090008
9090864
9091724
9092568
9093400
9094212
9095004
9095792
9096572
9097356
9098156
9098848
9099656
9100456
9101252
9102024
9102808
9103608
9104400
9105220
9106036
9106832
9107640
9108440
9109216
9110004
9110796
9111580
9112384
9113200
9114000
9114812
9115620
9116416
9117240
9118072
9118884
9119716
9120540
9121352
9122156
9122956
9123752
9124548
9125336
9126132
9126924
9127732
9128552
9129372
9130208
9131048
9131880
9132728
9133600
9134480
9135340
9136236
9137128
9137996
9138868
9139720
9140548
9141384
9142204
9143020
9143844
9144672
9145488
9146284
9147076
9147860
9148648
9149436
9150228
9151000
9151768
9152528
9153272
9154012
9154748
9155500
9156296
9157096
9157900
9158716
9159540
9160348
9161164
9161988
9162780
9163588
9164408
9165216
9166036
9166872
9167680
9168504
9169340
9170152
9170956
9171772
9172592
9173392
9174200
9175012
9175824
9176632
9177440
9178244
9179040
9179844
9180640
9181424
9182200
9182972
9183744
9184512
9185280
9186036
9186796
9187564
9188352
9189144
9189936
9190716
9191488
9192268
9193048
9193848
9194640
9195432
9196228
9197024
9197812
9198600
9199392
9200188
9200972
9201764
9202528
9203276
9204068
9204864
9205664
9206472
9207256
9208048
9208848
9209656
9210472
9211272
9212076
9212908
9213736
9214572
9215428
9216252
9217080
9217928
9218756
9219584
9220440
9221280
9222092
9222920
9223736
9224560
9225380
9226192
9227008
9227824
9228648
9229496
9230320
9231156
9232012
9232832
9233644
9234448
9235224
9236008
9236796
9237588
9238388
9239188
9239992
9240832
9241688
9242520
9243376
9244220
9245064
9245904
9246716
9247516
9248320
9249140
9249956
9250764
9251588
9252416
9253248
9254068
9254884
9255700
9256524
9257356
9258200
9259028
9259864
9260712
9261568
9262432
9263288
9264140
9264972
9265784
9266580
9267368
9268164
9268952
9269768
9270596
9271416
9272236
9273024
9273840
9274660
9275452
9276244
9277192
9278000
9278800
9279584
9280364
9281156
9281920
9282696
9283460
9284212
9284960
9285724
9286492
9287440
9288252
9289044
9289820
9290584
9291348
9292140
9292996
9293908
9294848
9295808
9296792
9297724
9298676
9299636
9300588
9301540
9302496
9303464
9304412
9305336
9306288
9307232
9308120
9309036
9309964
9310928
9311820
9312720
9313636
9314528
9315384
9316248
9317128
9318000
9318860
9319748
9320644
9321488
9322352
9323216
9324052
9324908
9325772
9326608
9327440
9328252
9329116
9330032
9330912
9331824
9332732
9333628
9334520
9335384
9336240
9337116
9338024
9338948
9339856
9340792
9341740
9342648
9343568
9344504
9345436
9346308
9347184
9348084
9348984
9349908
9350868
9351808
9352712
9353632
9354544
9355408
9356236
9357056
9357868
9358736
9359672
9360608
9361544
9362504
9363432
9364352
9365284
9366224
9367144
9368088
9369048
9369984
9370940
9371920
9372880
9373792
9374684
9375572
9376440
9377332
9378256
9379152
9380028
9380920
9381788
9382632
9383488
9384380
9385320
9386236
9387132
9388048
9388984
9389876
9390780
9391640
9392520
9393444
9394352
9395292
9396232
9397148
9398056
9398956
9399888
9400756
9401604
9402468
9403372
9404268
9405176
9406116
9407076
9407992
9408920
9409852
9410756
9411660
9412560
9413484
9414416
9415344
9416300
9417268
9418192
9419124
9420048
9420988
9421896
9422824
9423780
9424700
9425620
9426552
9427468
9428372
9429284
9430204
9431072
9431920
9432732
9433552
9434376
9435220
9436072
9436940
9437788
9438644
9439540
9440424
9441288
9442184
9443092
9443976
9444844
9445672
9446508
9447328
9448176
9449068
9449940
9450836
9451744
9452636
9453536
9454460
9455340
9456244
9457092
9457952
9458840
9459756
9460716
9461656
9462616
9463588
9464508
9465424
9466344
9467228
9468120
9469032
9469984
9470972
9471936
9472900
9473852
9474784
9475664
9476560
9477472
9478408
9479344
9480256
9481136
9482004
9482832
9483652
9484504
9485348
9486244
9487180
9488116
9489028
9489944
9490884
9491776
9492660
9493548
9494412
9495268
9496156
9497064
9498012
9498940
9499868
9500804
9501716
9502652
9503616
9504588
9505524
9506480
9507440
9508336
9509328
9510252
9511176
9512060
9512944
9513872
9514828
9515772
9516728
9517652
9518528
9519408
9520264
9521096
9521952
9522824
9523712
9524564
9525404
9526256
9527148
9528060
9528968
9529892
9530856
9531764
9532684
9533608
9534540
9535456
9536372
9537328
9538284
9539184
9540112
9541052
9542016
9542956
9543900
9544824
9545704
9546596
9547508
9548424
9549324
9550236
9551124
9552024
9552944
9553856
9554760
9555672
9556572
9557452
9558356
9559268
9560180
9561092
9562016
9562960
9563868
9564764
9565684
9566576
9567440
9568312
9569148
9569964
9570792
9571628
9572472
9573300
9574132
9575012
9575904
9576764
9577648
9578544
9579448
9580316
9581156
9582000
9582896
9583836
9584776
9585724
9586716
9587708
9588696
9589628
9590680
9591644
9592604
9593580
9594560
9595472
9596372
9597240
9598080
9598904
9599720
9600564
9601424
9602272
9603156
9604060
9604928
9605788
9606636
9607520
9608424
9609308
9610228
9611188
9612136
9613092
9614064
9615000
9615936
9616888
9617844
9618772
9619696
9620616
9621492
9622360
9623240
9624188
9625152
9626152
9627120
9628036
9628920
9629792
9630700
9631596
9632472
9633368
9634272
9635184
9636048
9636920
9637816
9638752
9639668
9640580
9641500
9642464
9643388
9644336
9645308
9646284
9647224
9648160
9649104
9650048
9650960
9651900
9652848
9653796
9654720
9655648
9656604
9657552
9658472
9659412
9660348
9661280
9662172
9663072
9663992
9664908
9665800
9666704
9667608
9668532
9669404
9670280
9671160
9672032
9672936
9673844
9674760
9675652
9676556
9677472
9678336
9679176
9680008
9680852
9681752
9682676
9683608
9684580
9685552
9686480
9687424
9688360
9689300
9690212
9691124
9692056
9692992
9693900
9694816
9695740
9696680
9697576
9698488
9699420
9700372
9701296
9702224
9703172
9704104
9705020
9705928
9706800
9707664
9708540
9709448
9710324
9711208
9712084
9712960
9713856
9714736
9715608
9716500
9717408
9718288
9719180
9720104
9721048
9721952
9722852
9723724
9724640
9725576
9726480
9727408
9728340
9729264
9730172
9731096
9732008
9732892
9733796
9734704
9735628
9736548
9737480
9738420
9739324
9740204
9741072
9741948
9742852
9743752
9744644
9745560
9746472
9747380
9748300
9749244
9750188
9751088
9752008
9752952
9753908
9754832
9755768
9756720
9757664
9758560
9759476
9760384
9761296
9762204
9763072
9763936
9764808
9765692
9766572
9767420
9768256
9769120
9770016
9770900
9771796
9772700
9773628
9774512
9775420
9776348
9777284
9778192
9779104
9780032
9781000
9781924
9782872
9783816
9784760
9785700
9786632
9787580
9788512
9789452
9790392
9791336
9792268
9793208
9794152
9795108
9796032
9796972
9797920
9798824
9799692
9800544
9801384
9802204
9803032
9803904
9804820
9805712
9806612
9807528
9808448
9809352
9810256
9811168
9812056
9812948
9813824
9814664
9815496
9816344
9817196
9818048
9818904
9819768
9820632
9821476
9822328
9823160
9823976
9824784
9825600
9826448
9827332
9828192
9829076
9829980
9830900
9831784
9832680
9833572
9834492
9835396
9836316
9837252
9838208
9839120
9840036
9840952
9841872
9842744
9843608
9844452
9845312
9846196
9847056
9847936
9848800
9849668
9850568
9851500
9852428
9853332
9854232
9855120
9856008
9856864
9857768
9858668
9859572
9860508
9861456
9862428
9863356
9864284
9865232
9866172
9867088
9868008
9868940
9869888
9870808
9871712
9872616
9873504
9874432
9875388
9876308
9877228
9878156
9879096
9879996
9880892
9881804
9882736
9883664
9884584
9885540
9886528
9887468
9888428
9889392
9890376
9891308
9892228
9893148
9894044
9894932
9895840
9896764
9897688
9898592
9899516
9900420
9901268
9902104
9902948
9903780
9904616
9905444
9906316
9907184
9908068
9908964
9909880
9910772
9911684
9912592
9913520
9914436
9915360
9916308
9917240
9918156
9919088
9920024
9920948
9921852
9922772
9923696
9924600
9925512
9926432
9927324
9928212
9929092
9929956
9930820
9931676
9932512
9933360
9934232
9935116
9935964
9936812
9937644
9938464
9939280
9940088
9940928
9941896
9942824
9943756
9944656
9945580
9946500
9947412
9948292
9949176
9950068
9950932
9951800
9952652
9953496
9954316
9955164
9956008
9956864
9957728
9958588
9959448
9960284
9961116
9961972
9962832
9963700
9964596
9965520
9966440
9967368
9968284
9969208
9970108
9971004
9971900
9972780
9973664
9974548
9975440
9976328
9977212
9978100
9978972
9979808
9980660
9981528
9982372
9983200
9984016
9984832
9985672
9986500
9987324
9988144
9988968
9989792
9990620
9991432
9992228
9993024
9993824
9994660
9995544
9996388
9997260
9998108
9998964
9999844
10000720
10001584
10002452
10003316
10004172
10005032
10005932
10006824
10007732
10008656
10009580
10010492
10011420
10012356
10013276
10014188
10015112
10016060
10016984
10017928
10018876
10019828
10020764
10021708
10022660
10023616
10024520
10025444
10026372
10027292
10028208
10029124
10030056
10030944
10031836
10032740
10033628
10034528
10035436
10036356
10037268
10038196
10039140
10040036
10040908
10041808
10042732
10043636
10044552
10045468
10046400
10047296
10048208
10049136
10050076
10051000
10051936
10052872
10053788
10054696
10055620
10056520
10057412
10058344
10059268
10060164
10061072
10061976
10062860
10063736
10064584
10065436
10066284
10067124
10067992
10068892
10069768
10070652
10071560
10072480
10073376
10074304
10075236
10076148
10077044
10077916
10078764
10079600
10080444
10081320
10082180
10083072
10083988
10084892
10085772
10086636
10087512
10088428
10089328
10090224
10091160
10092096
10093008
10093936
10094888
10095852
10096760
10097672
10098568
10099436
10100320
10101220
10102164
10103100
10104044
10105020
10105976
10107080
10108024
10108956
10109868
10110788
10111720
10112652
10113556
10114460
10115316
10116172
10117000
10117828
10118680
10119548
10120404
10121280
10122152
10123004
10123864
10124716
10125548
10126400
10127256
10128128
10128992
10129888
10130796
10131712
10132648
10133572
10134480
10135416
10136356
10137296
10138216
10139156
10140100
10141004
10141900
10142776
10143712
10144680
10145620
10146560
10147512
10148456
10149376
10150292
10151228
10152176
10153068
10153956
10154832
10155676
10156520
10157364
10158240
10159168
10160068
10161000
10161952
10162920
10163824
10164748
10165684
10166636
10167588
10168536
10169476
10170420
10171320
10172240
10173144
10174016
10175024
10175948
10176856
10177768
10178680
10179576
10180484
10181412
10182364
10183304
10184252
10185192
10186132
10187028
10187932
10188836
10189736
10190620
10191520
10192432
10193328
10194192
10195040
10195904
10196744
10197600
10198460
10199308
10200156
10201024
10201936
10202828
10203744
10204676
10205624
10206552
10207512
10208476
10209416
10210348
10211296
10212256
10213172
10214108
10215044
10215980
10216904
10217828
10218780
10219696
10220596
10221464
10222332
10223220
10224108
10225012
10225948
10226852
10227768
10228696
10229636
10230552
10231480
10232420
10233360
10234256
10235172
10236080
10236948
10237836
10238752
10239656
10240556
10241456
10242324
10243180
10244024
10244848
10245644
10246448
10247272
10248112
10248976
10249868
10250720
10251604
10252480
10253332
10254180
10255024
10255912
10256840
10257780
10258696
10259612
10260556
10261472
10262384
10263324
10264264
10265184
10266128
10267076
10268044
10268948
10269832
10270712
10271556
10272432
10273332
10274224
10275140
10276076
10277044
10277988
10278932
10279860
10280756
10281668
10282592
10283480
10284364
10285236
10286112
10287024
10287932
10288832
10289744
10290640
10291552
10292440
10293316
10294204
10295096
10296016
10296940
10297872
10298820
10299736
10300660
10301572
10302472
10303352
10304220
10305068
10305904
10306708
10307508
10308300
10309108
10310008
10310952
10311872
10312800
10313720
10314616
10315512
10316404
10317312
10318184
10319056
10319936
10320840
10321752
10322652
10323564
10324484
10325388
10326304
10327228
10328144
10329048
10329956
10330884
10331808
10332708
10333632
10334548
10335456
10336352
10337260
10338176
10339068
10339952
10340836
10341700
10342544
10343408
10344292
10345184
10346096
10347016
10347940
10348828
10349736
10350632
10351532
10352428
10353324
10354240
10355156
10356048
10356960
10357880
10358792
10359708
10360620
10361548
10362436
10363332
10364224
10365076
10365920
10366768
10367608
10368444
10369312
10370184
10371056
10371924
10372808
10373704
10374584
10375488
10376400
10377304
10378212
10379108
10380012
10380908
10381792
10382680
10383576
10384456
10385356
10386228
10387088
10387940
10388800
10389664
10390536
10391408
10392300
10393188
10394092
10394996
10395900
10396796
10397704
10398596
10399460
10400308
10401180
10402080
10402968
10403872
10404792
10405724
10406640
10407524
10408392
10409232
10410060
10410884
10411704
10412536
10413364
10414204
10415024
10415844
10416656
10417480
10418308
10419120
10419924
10420728
10421532
10422344
10423176
10424028
10424856
10425712
10426544
10427396
10428240
10429128
10430036
10430944
10431840
10432732
10433636
10434524
10435376
10436252
10437112
10437976
10438880
10439796
10440724
10441652
10442600
10443552
10444468
10445364
10446276
10447132
10447968
10448816
10449672
10450560
10451456
10452328
10453216
10454088
10454976
10455856
10456740
10457652
10458564
10459488
10460436
10461396
10462376
10463304
10464232
10465156
10466068
10466976
10467868
10468776
10469700
10470616
10471524
10472436
10473364
10474284
10475196
10476104
10477020
10477884
10478752
10479616
10480452
10481280
10482108
10482980
10483896
10484780
10485688
10486600
10487500
10488388
10489280
10490192
10491080
10491952
10492844
10493752
10494640
10495560
10496476
10497380
10498284
10499176
10500068
10500924
10501784
10502644
10503500
10504360
10505228
10506072
10506916
10507744
10508556
10509372
10510176
10510980
10511784
10512580
10513388
10514204
10515004
10515932
10516772
10517600
10518444
10519284
10520168
10521116
10522096
10523108
10524060
10525028
10525988
10526924
10527864
10528780
10529708
10530588
10531432
10532288
10533160
10534052
10534932
10535816
10536692
10537572
10538480
10539440
10540384
10541328
10542292
10543264
10544228
10545184
10546160
10547128
10548080
10549060
10550056
10551088
10552068
10553048
10554040
10555032
10555988
10556932
10557876
10558808
10559696
10560596
10561508
10562448
10563376
10564304
10565236
10566168
10567056
10567944
10568836
10569752
10570636
10571540
10572456
10573368
10574252
10575148
10576048
10576948
10577840
10578748
10579652
10580520
10581404
10582280
10583160
10584064
10584996
10585916
10586840
10587776
10588708
10589596
10590500
10591412
10592320
10593224
10594140
10595076
10595988
10596896
10597820
10598744
10599636
10600540
10601432
10602332
10603196
10604048
10604900
10605740
10606620
10607552
10608476
10609412
10610364
10611296
10612208
10613124
10614048
10614956
10615868
10616788
10617700
10618600
10619520
10620452
10621360
10622264
10623184
10624108
10625008
10625932
10626856
10627748
10628640
10629496
10630348
10631212
10632112
10633076
10634008
10634996
10635980
10636896
10637820
10638736
10639664
10640572
10641468
10642384
10643312
10644220
10645132
10646056
10646988
10647916
10648848
10649784
10650688
10651600
10652508
10653460
10654388
10655336
10656304
10657264
10658176
10659100
10660004
10660876
10661716
10662592
10663492
10664432
10665400
10666364
10667288
10668228
10669160
10670084
10671004
10671924
10672856
10673764
10674688
10675620
10676536
10677444
10678344
10679252
10680176
10681060
10681956
10682844
10683724
10684600
10685472
10686336
10687172
10687996
10688808
10689612
10690400
10691212
10692040
10692904
10693776
10694672
10695592
10696500
10697404
10698312
10699224
10700104
10700996
10701888
10702780
10703668
10704576
10705536
10706484
10707448
10708428
10709388
10710324
10711264
10712200
10713120
10714044
10714980
10715896
10716816
10717728
10718604
10719460
10720328
10721208
10722092
10722960
10723852
10724776
10725676
10726588
10727508
10728424
10729352
10730284
10731220
10732128
10733052
10733988
10734896
10735804
10736688
10737528
10738376
10739220
10740068
10740944
10741832
10742728
10743600
10744484
10745380
10746272
10747168
10748080
10748984
10749888
10750772
10751656
10752520
10753384
10754260
10755124
10755984
10756860
10757720
10758556
10759416
10760260
10761108
10761972
10762840
10763708
10764604
10765496
10766364
10767232
10768112
10768996
10769892
10770788
10771672
10772532
10773404
10774264
10775104
10775936
10776772
10777612
10778484
10779372
10780256
10781160
10782060
10782972
10783856
10784764
10785680
10786576
10787472
10788372
10789244
10790092
10790928
10791744
10792556
10793380
10794216
10795080
10795980
10796892
10797804
10798720
10799640
10800540
10801456
10802384
10803300
10804192
10805068
10805936
10806788
10807636
10808512
10809396
10810272
10811168
10812060
10812920
10813764
10814584
10815392
10816196
10817000
10817832
10818664
10819512
10820396
10821272
10822128
10822980
10823828
10824656
10825480
10826284
10827096
10827900
10828724
10829572
10830412
10831244
10832092
10832948
10833788
10834636
10835472
10836316
10837144
10837972
10838804
10839648
10840524
10841476
10842432
10843432
10844460
10845444
10846432
10847400
10848348
10849284
10850220
10851176
10852132
10853080
10854036
10855008
10855960
10856928
10857904
10858872
10859808
10860752
10861696
10862608
10863516
10864432
10865356
10866244
10867164
10868084
10869024
10869944
10870864
10871784
10872700
10873600
10874516
10875436
10876332
10877240
10878160
10879076
10879964
10880840
10881708
10882560
10883452
10884352
10885224
10886104
10886976
10887840
10888716
10889596
10890496
10891352
10892196
10893032
10893852
10894664
10895496
10896388
10897316
10898236
10899180
10900116
10901008
10901924
10902856
10903772
10904712
10905652
10906596
10907556
10908532
10909508
10910468
10911444
10912416
10913340
10914276
10915220
10916116
10917024
10917952
10918908
10919840
10920792
10921756
10922708
10923648
10924576
10925504
10926400
10927324
10928260
10929180
10930108
10931044
10931960
10932872
10933784
10934712
10935600
10936488
10937392
10938312
10939224
10940152
10941076
10941984
10942892
10943800
10944708
10945604
10946520
10947432
10948400
10949304
10950168
10951008
10951852
10952728
10953676
10954584
10955520
10956444
10957332
10958240
10959132
10960012
10960892
10961780
10962704
10963608
10964520
10965444
10966340
10967228
10968108
10969004
10969912
10970828
10971760
10972684
10973584
10974500
10975424
10976328
10977228
10978144
10979080
10979988
10980904
10981836
10982760
10983652
10984552
10985468
10986384
10987268
10988172
10989100
10990008
10990916
10991792
10992632
10993476
10994276
10995072
10995856
10996620
10997400
10998200
10999000
10999808
11000612
11001436
11002272
11003092
11003900
11004708
11005556
11006436
11007336
11008236
11009140
11010060
11010952
11011848
11012736
11013640
11014520
11015392
11016260
11017128
11018004
11018900
11019804
11020680
11021576
11022484
11023424
11024336
11025252
11026168
11027064
11027932
11028796
11029664
11030532
11031384
11032248
11033136
11034016
11034920
11035840
11036744
11037652
11038548
11039436
11040304
11041160
11042024
11042896
11043764
11044664
11045584
11046484
11047400
11048304
11049164
11050028
11050872
11051704
11052536
11053368
11054204
11055048
11055912
11056776
11057620
11058464
11059316
11060164
11061024
11061896
11062776
11063668
11064552
11065420
11066316
11067220
11068168
11069080
11070008
11070952
11071876
11072776
11073676
11074588
11075496
11076408
11077340
11078288
11079208
11080140
11081068
11081996
11082924
11083872
11084828
11085760
11086700
11087600
11088504
11089408
11090300
11091220
11092180
11093124
11094064
11095168
11096132
11097076
11098016
11098932
11099860
11100800
11101708
11102636
11103552
11104456
11105372
11106284
11107200
11108100
11108996
11109892
11110776
11111676
11112568
11113440
11114316
11115204
11116096
11116984
11117864
11118752
11119640
11120524
11121404
11122280
11123164
11124040
11124912
11125792
11126668
11127544
11128432
11129332
11130216
11131132
11132056
11132968
11133884
11134796
11135672
11136548
11137428
11138292
11139168
11140068
11140968
11141888
11142824
11143740
11144660
11145568
11146472
11147388
11148300
11149196
11150096
11151008
11151940
11152828
11153712
11154588
11155448
11156340
11157256
11158164
11159076
11159988
11160892
11161784
11162672
11163584
11164476
11165388
11166308
11167232
11168164
11169084
11169996
11170904
11171808
11172720
11173604
11174504
11175416
11176308
11177208
11178116
11179000
11179896
11180788
11181676
11182580
11183488
11184396
11185300
11186180
11187040
11187908
11188796
11189676
11190552
11191468
11192364
11193268
11194188
11195088
11195988
11196892
11197792
11198680
11199580
11200500
11201420
11202336
11203268
11204204
11205120
11206052
11206984
11207900
11208820
11209736
11210668
11211556
11212460
11213352
11214224
11215116
11216024
11216944
11217864
11218804
11219732
11220652
11221572
11222472
11223368
11224280
11225176
11226084
11227004
11227912
11228816
11229732
11230652
11231568
11232480
11233396
11234304
11235196
11236112
11237008
11237888
11238748
11239580
11240428
11241288
11242136
11242996
11243836
11244672
11245500
11246320
11247140
11247976
11248828
11249700
11250552
11251408
11252288
11253180
11254088
11255012
11255944
11256868
11257816
11258772
11259720
11260676
11261648
11262596
11263496
11264400
11265284
11266180
11267088
11267996
11268924
11269856
11270796
11271740
11272704
11273684
11274632
11275572
11276532
11277484
11278392
11279292
11280200
11281116
11282028
11282952
11283868
11284760
11285664
11286560
11287460
11288348
11289268
11290204
11291104
11292032
11292980
11293872
11294764
11295636
11296492
11297356
11298208
11299044
11299912
11300792
11301684
11302572
11303492
11304416
11305312
11306220
11307112
11307996
11308892
11309784
11310680
11311568
11312480
11313408
11314304
11315196
11316096
11317008
11317912
11318836
11319776
11320720
11321656
11322596
11323508
11324404
11325304
11326212
11327112
11328004
11328912
11329832
11330724
11331620
11332520
11333388
11334272
11335164
11336072
11336960
11337856
11338764
11339652
11340544
11341444
11342344
11343212
11344104
11344988
11345860
11346728
11347616
11348556
11349480
11350420
11351376
11352320
11353260
11354172
11355072
11355980
11356888
11357816
11358744
11359676
11360616
11361528
11362452
11363380
11364288
11365212
11366140
11367064
11367960
11368856
11369744
11370584
11371412
11372232
11373068
11373944
11374828
11375748
11376692
11377612
11378556
11379516
11380456
11381468
11382436
11383368
11384284
11385216
11386176
11387092
11388028
11388980
11389916
11390852
11391796
11392760
11393684
11394620
11395540
11396444
11397356
11398268
11399180
11400068
11400968
11401888
11402784
11403656
11404532
11405380
11406216
11407068
11407952
11408888
11409808
11410752
11411704
11412612
11413540
11414464
11415360
11416256
11417160
11418084
11418984
11419888
11420792
11421664
11422540
11423396
11424236
11425072
11425904
11426708
11427612
11428424
11429260
11430108
11430952
11431788
11432632
11433488
11434348
11435188
11436052
11436936
11437832
11438732
11439640
11440564
11441500
11442424
11443336
11444212
11445060
11445916
11446756
11447596
11448472
11449380
11450276
11451188
11452104
11453036
11453948
11454868
11455792
11456696
11457612
11458528
11459448
11460348
11461252
11462180
11463108
11464004
11464924
11465836
11466740
11467624
11468500
11469404
11470268
11471144
11472028
11472904
11473768
11474640
11475516
11476364
11477212
11478072
11478920
11479764
11480628
11481516
11482372
11483240
11484120
11485020
11485916
11486796
11487644
11488488
11489312
11490140
11490960
11491744
11492528
11493336
11494148
11494984
11495832
11496716
11497608
11498508
11499416
11500324
11501220
11502152
11503092
11504048
11504992
11505924
11506876
11507792
11508728
11509676
11510628
11511560
11512488
11513428
11514372
11515272
11516188
11517096
11518008
11518908
11519796
11520664
11521512
11522344
11523156
11523952
11524748
11525556
11526352
11527172
11527992
11528808
11529632
11530448
11531256
11532076
11532892
11533728
11534580
11535424
11536256
11537108
11537988
11538864
11539752
11540644
11541556
11542472
11543392
11544344
11545316
11546276
11547232
11548188
11549136
11550028
11550940
11551852
11552732
11553604
11554464
11555328
11556172
11557028
11557912
11558804
11559708
11560652
11561612
11562580
11563488
11564392
11565296
11566164
11567060
11567988
11568936
11569852
11570768
11571700
11572636
11573548
11574476
11575388
11576292
11577188
11578056
11578900
11579736
11580576
11581436
11582292
11583140
11584024
11584940
11585868
11586784
11587712
11588648
11589584
11590496
11591408
11592320
11593248
11594156
11595060
11595984
11596908
11597804
11598716
11599628
11600548
11601436
11602316
11603184
11604020
11604868
11605752
11606688
11607588
11608448
11609300
11610140
11610968
11611788
11612596
11613384
11614172
11614972
11615780
11616620
11617492
11618388
11619328
11620292
11621212
11622144
11623080
11623976
11624832
11625684
11626524
11627372
11628228
11629068
11629904
11630764
11631620
11632468
11633332
11634180
11635040
11635908
11636752
11637612
11638488
11639360
11640252
11641132
11642020
11642924
11643840
11644740
11645648
11646576
11647512
11648420
11649348
11650300
11651284
11652232
11653172
11654124
11655080
11655992
11656904
11657816
11658756
11659688
11660568
11661468
11662356
11663252
11664124
11664988
11665880
11666792
11667692
11668600
11669524
11670472
11671384
11672268
11673176
11674076
11674976
11675852
11676744
11677644
11678552
11679448
11680348
11681256
11682184
11683072
11683952
11684824
11685660
11686480
11687312
11688180
11689076
11689984
11690904
11691828
11692716
11693608
11694512
11695424
11696296
11697160
11698008
11698844
11699696
11700592
11701488
11702404
11703348
11704312
11705248
11706204
11707168
11708132
11709064
11710000
11710944
11711860
11712764
11713640
11714488
11715344
11716224
11717096
11717972
11718856
11719752
11720612
11721492
11722380
11723240
11724088
11724960
11725836
11726708
11727572
11728440
11729320
11730180
11731028
11731872
11732716
11733580
11734476
11735360
11736232
11737096
11737956
11738824
11739704
11740592
11741492
11742352
11743236
11744132
11745040
11745936
11746832
11747748
11748676
11749584
11750480
11751360
11752248
11753128
11753988
11754824
11755652
11756464
11757280
11758092
11758892
11759708
11760524
11761336
11762156
11762948
11763748
11764556
11765372
11766200
11767056
11767920
11768812
11769684
11770572
11771492
11772420
11773376
11774336
11775244
11776148
11777064
11777980
11778876
11779780
11780716
11781648
11782564
11783484
11784408
11785324
11786212
11787104
11788016
11788908
11789804
11790712
11791600
11792472
11793340
11794236
11795164
11796060
11796980
11797904
11798828
11799744
11800676
11801624
11802548
11803476
11804420
11805344
11806268
11807196
11808092
11808980
11809876
11810792
11811720
11812636
11813548
11814428
11815324
11816228
11817100
11818008
11818940
11819848
11820788
11821724
11822632
11823544
11824420
11825304
11826196
11827100
11828000
11828888
11829764
11830604
11831424
11832240
11833068
11833912
11834764
11835640
11836544
11837436
11838344
11839280
11840200
11841116
11842048
11842928
11843792
11844676
11845564
11846436
11847312
11848184
11849056
11849892
11850728
11851560
11852396
11853232
11854080
11854960
11855852
11856744
11857616
11858512
11859408
11860308
11861228
11862152
11863068
11863980
11864868
11865756
11866648
11867532
11868416
11869284
11870164
11871060
11871976
11872904
11873784
11874640
11875476
11876292
11877148
11878052
11879020
11880000
11880932
11881876
11882812
11883768
11884712
11885652
11886580
11887516
11888468
11889408
11890320
11891220
11892120
11893052
11894024
11894996
11895908
11896816
11897716
11898600
11899448
11900288
11901112
11901936
11902752
11903552
11904340
11905188
11906068
11906988
11907908
11908804
11909700
11910572
11911416
11912244
11913060
11913852
11914644
11915420
11916192
11916976
11917760
11918560
11919348
11920120
11920900
11921668
11922420
11923172
11923920
11924652
11925384
11926116
11926832
11927540
11928244
11928944
11929632
11930328
11931028
11931704
11932380
11933056
11933732
11934412
11935112
11935828
11936552
11937296
11938060
11938840
11939632
11940424
11941204
11941980
11942752
11943504
11944276
11945060
11945844
11946656
11947476
11948284
11949092
11949916
11950752
11951612
11952464
11953288
11954112
11954920
11955712
11956496
11957280
11958056
11958836
11959624
11960420
11961224
11962020
11962972
11963784
11964556
11965460
11966216
11966972
11967720
11968452
11969188
11969940
11970688
11971440
11972196
11972956
11973712
11974472
11975220
11975960
11976696
11977420
11978144
11978868
11979588
11980304
11981024
11981744
11982464
11983188
11983916
11984652
11985400
11986156
11986912
11987668
11988440
11989232
11990076
11990948
11991820
11992692
11993556
11994400
11995248
11996228
11997072
11997888
11998708
11999528
12000360
12001212
12002076
12002940
12003804
12004652
12005476
12006300
12007116
12007908
12008704
12009500
12010284
12011228
12012008
12012780
12013568
12014344
12015132
12015948
12016780
12017660
12018564
12019444
12020328
12021176
12022016
12022828
12023604
12024368
12025132
12025892
12026656
12027420
12028200
12028988
12029788
12030596
12031440
12032268
12033112
12033948
12034768
12035572
12036376
12037176
12037980
12038780
12039592
12040388
12041204
12042072
12042960
12043860
12044768
12045672
12046544
12047404
12048244
12049068
12049912
12050768
12051620
12052488
12053380
12054260
12055136
12056008
12056852
12057676
12058484
12059296
12060156
12061028
12061888
12062776
12063664
12064512
12065352
12066180
12066988
12067796
12068608
12069424
12070248
12071088
12071936
12072780
12073636
12074504
12075380
12076248
12077096
12077944
12078780
12079600
12080420
12081260
12082092
12082948
12083828
12084716
12085632
12086548
12087452
12088360
12089252
12090148
12091048
12091920
12092820
12093732
12094640
12095552
12096444
12097340
12098236
12099136
12100024
12100872
12101720
12102564
12103388
12104228
12105076
12105904
12106740
12107560
12108364
12109172
12109964
12110752
12111516
12112316
12113088
12113864
12114640
12115412
12116188
12116976
12117780
12118608
12119444
12120296
12121148
12121976
12122808
12123636
12124432
12125236
12126032
12126840
12127676
12128512
12129384
12130276
12131156
12132036
12132912
12133764
12134584
12135408
12136216
12137028
12137864
12138704
12139540
12140384
12141208
12142032
12142856
12143680
12144512
12145320
12146140
12146960
12147764
12148544
12149324
12150092
12150868
12151660
12152436
12153212
12153988
12154752
12155512
12156272
12157016
12157760
12158508
12159396
12160156
12160904
12161644
12162396
12163164
12163944
12164760
12165560
12166368
12167176
12168104
12168896
12169668
12170544
12171296
12172032
12172760
12173504
12174268
12175048
12175836
12176656
12177476
12178436
12179240
12180012
12180776
12181520
12182276
12183028
12183788
12184552
12185348
12186172
12187032
12187912
12188760
12189640
12190524
12191368
12192228
12193112
12194028
12194924
12195832
12196768
12197712
12198620
12199536
12200428
12201312
12202200
12203088
12203992
12204904
12205788
12206636
12207484
12208312
12209144
12209984
12210876
12211732
12212644
12213576
12214460
12215352
12216240
12217124
12217972
12218812
12219676
12220576
12221448
12222304
12223180
12224088
12224988
12225844
12226804
12227628
12228420
12229196
12229964
12230740
12231552
12232344
12233140
12233940
12234712
12235476
12236240
12237008
12237792
12238616
12239440
12240252
12241104
12241980
12242860
12243784
12244688
12245640
12246592
12247568
12248564
12249512
12250476
12251436
12252396
12253368
12254284
12255192
12256088
12256992
12257860
12258712
12259616
12260600
12261528
12262488
12263488
12264484
12265416
12266384
12267396
12268340
12269336
12270368
12271380
12272424
12273492
12274496
12275504
12276560
12277632
12278636
12279656
12280696
12281672
12282668
12283676
12284632
12285628
12286660
12287664
12288676
12289696
12290688
12291676
12292676
12293620
12294604
12295616
12296648
12297636
12298652
12299648
12300588
12301552
12302540
12303492
12304476
12305456
12306408
12307356
12308320
12309264
12310176
12311124
12312076
12312988
12313924
12314884
12315836
12316772
12317744
12318728
12319656
12320636
12321616
12322600
12323596
12324612
12325608
12326612
12327624
12328604
12329556
12330560
12331556
12332488
12333428
12334372
12335344
12336292
12337300
12338348
12339368
12340372
12341380
12342352
12343336
12344324
12345264
12346232
12347200
12348168
12349108
12350092
12351104
12352072
12353056
12354056
12355012
12355980
12356940
12357884
12358840
12359816
12360744
12361640
12362536
12363408
12364252
12365088
12365908
12366736
12367648
12368616
12369548
12370524
12371516
12372480
12373452
12374460
12375420
12376404
12377392
12378360
12379368
12380380
12381364
12382344
12383344
12384340
12385312
12386296
12387288
12388276
12389272
12390276
12391256
12392236
12393232
12394212
12395156
12396120
12397080
12397984
12398848
12399720
12400576
12401456
12402380
12403268
12404168
12405032
12405876
12406704
12407512
12408392
12409212
12409976
12410732
12411480
12412216
12412952
12413688
12414428
12415172
12415928
12416688
12417460
12418256
12419076
12419912
12420756
12421576
12422420
12423232
12424032
12424820
12425608
12426388
12427184
12427992
12428800
12429628
12430464
12431296
12432148
12432992
12433852
12434744
12435632
12436516
12437408
12438272
12439140
12439992
12440808
12441632
12442440
12443252
12444072
12444868
12445680
12446496
12447312
12448148
12448980
12449812
12450644
12451468
12452288
12453104
12453912
12454728
12455548
12456368
12457204
12458044
12458896
12459736
12460592
12461476
12462364
12463260
12464176
12465064
12465948
12466820
12467680
12468540
12469396
12470228
12471080
12471924
12472752
12473584
12474416
12475236
12476068
12476916
12477752
12478620
12479508
12480368
12481236
12482096
12482932
12483772
12484604
12485420
12486252
12487084
12487912
12488760
12489588
12490440
12491292
12492128
12492952
12493772
12494580
12495404
12496228
12497044
12497868
12498696
12499520
12500352
12501184
12502004
12502840
12503664
12504484
12505300
12506112
12506936
12507752
12508584
12509432
12510252
12511080
12511904
12512708
12513512
12514324
12515128
12515952
12516792
12517620
12518460
12519304
12520136
12520984
12521816
12522644
12523468
12524288
12525104
12525916
12526732
12527572
12528432
12529296
12530172
12531028
12531884
12532752
12533588
12534432
12535260
12536060
12536860
12537660
12538444
12539276
12540148
12541036
12541948
12542844
12543740
12544632
12545476
12546316
12547152
12547972
12548824
12549704
12550596
12551572
12552564
12553524
12554524
12555492
12556472
12557468
12558420
12559400
12560400
12561396
12562332
12563284
12564212
12565104
12565996
12566904
12567808
12568728
12569664
12570568
12571484
12572400
12573280
12574168
12575076
12575972
12576876
12577796
12578692
12579612
12580536
12581448
12582368
12583272
12584176
12585096
12586020
12586920
12587812
12588704
12589568
12590444
12591316
12592176
12593060
12593952
12594820
12595720
12596612
12597480
12598368
12599228
12600084
12600952
12601820
12602668
12603516
12604340
12605144
12605964
12606780
12607632
12608460
12609288
12610128
12610944
12611776
12612628
12613492
12614388
12615296
12616184
12617088
12617984
12618864
12619752
12620636
12621512
12622384
12623244
12624132
12625036
12625920
12626772
12627620
12628464
12629300
12630136
12630992
12631832
12632684
12633552
12634400
12635252
12636112
12636948
12637792
12638636
12639460
12640316
12641208
12642088
12642996
12643892
12644776
12645676
12646552
12647420
12648284
12649140
12650004
12650864
12651720
12652580
12653436
12654284
12655128
12655976
12656820
12657668
12658520
12659356
12660196
12661052
12661916
12662784
12663660
12664520
12665376
12666244
12667080
12667928
12668768
12669596
12670444
12671308
12672156
12673040
12673940
12674808
12675696
12676568
12677432
12678312
12679172
12680020
12680884
12681740
12682608
12683468
12684340
12685192
12686024
12686852
12687724
12688584
12689492
12690404
12691272
12692156
12693032
12693888
12694760
12695632
12696496
12697360
12698204
12699048
12699864
12700672
12701500
12702320
12703140
12703972
12704796
12705640
12706508
12707332
12708164
12708996
12709820
12710832
12711676
12712504
12713316
12714120
12714928
12715740
12716564
12717420
12718296
12719164
12720048
12720944
12721816
12722692
12723568
12724436
12725300
12726164
12727008
12727848
12728704
12729556
12730428
12731320
12732212
12733124
12734028
12734904
12735776
12736620
12737440
12738280
12739112
12739932
12740796
12741680
12742564
12743480
12744404
12745316
12746216
12747112
12747964
12748816
12749672
12750512
12751348
12752196
12753040
12753904
12754776
12755636
12756512
12757384
12758228
12759072
12759904
12760720
12761544
12762356
12763180
12764004
12764824
12765660
12766504
12767336
12768180
12769044
12769900
12770756
12771604
12772440
12773272
12774132
12775024
12775924
12776840
12777784
12778700
12779596
12780492
12781340
12782200
12783064
12783908
12784776
12785680
12786572
12787492
12788420
12789324
12790232
12791144
12792024
12792880
12793728
12794584
12795420
12796296
12797208
12798084
12798976
12799852
12800684
12801516
12802324
12803136
12803956
12804772
12805628
12806508
12807368
12808248
12809116
12809968
12810848
12811724
12812580
12813440
12814276
12815100
12815916
12816696
12817476
12818244
12819020
12819804
12820596
12821408
12822232
12823052
12823872
12824836
12825680
12826504
12827312
12828104
12828908
12829752
12830624
12831480
12832348
12833192
12834048
12834888
12835720
12836520
12837316
12838096
12838868
12839632
12840396
12841172
12841968
12842784
12843600
12844436
12845284
12846140
12846992
12847836
12848688
12849528
12850360
12851192
12852008
12852828
12853636
12854436
12855236
12856028
12856820
12857604
12858568
12859384
12860184
12860976
12861768
12862560
12863360
12864160
12864984
12865832
12866664
12867496
12868332
12869316
12870136
12870936
12871720
12872508
12873300
12874088
12875028
12875824
12876604
12877380
12878132
12878872
12879608
12880332
12881060
12881784
12882500
12883212
12883936
12884664
12885388
12886136
12886892
12887672
12888476
12889284
12890108
12891104
12891968
12892840
12893684
12894716
12895568
12896396
12897244
12898044
12898976
12899788
12900576
12901376
12902176
12902972
12903632
12904544
12905316
12906232
12907000
12907916
12908692
12909448
12910196
12910960
12911724
12912520
12913328
12914140
12914940
12915728
12916508
12917320
12918144
12918940
12919756
12920564
12921356
12922156
12922928
12923716
12924520
12925336
12926188
12927016
12927864
12928708
12929520
12930324
12931132
12931924
12932700
12933480
12934264
12935056
12935876
12936724
12937556
12938416
12939288
12940136
12940968
12941784
12942592
12943388
12944180
12944992
12945816
12946640
12947492
12948360
12949200
12950040
12950860
12951664
12952456
12953240
12954024
12954824
12955632
12956472
12957296
12958096
12958888
12959696
12960496
12961296
12962120
12962932
12963752
12964600
12965412
12966240
12967060
12967872
12968700
12969520
12970320
12971132
12971944
12972756
12973576
12974408
12975252
12976112
12976996
12977856
12978728
12979584
12980436
12981284
12982124
12982964
12983800
12984648
12985524
12986400
12987280
12988164
12989004
12989860
12990704
12991556
12992428
12993300
12994164
12995040
12995892
12996724
12997564
12998444
12999324
13000212
13001120
13002088
13002984
13003844
13004684
13005552
13006440
13007324
13008244
13009252
13010152
13011040
13011888
13012760
13013648
13014504
13015360
13016264
13017172
13018040
13018908
13019784
13020620
13021452
13022276
13023076
13023892
13024728
13025540
13026376
13027232
13028092
13028940
13029792
13030648
13031504
13032368
13033252
13034100
13034944
13035792
13036616
13037428
13038248
13039076
13039920
13040792
13041704
13042612
13043500
13044380
13045256
13046112
13046940
13047784
13048640
13049484
13050376
13051252
13052104
13052944
13053760
13054544
13055340
13056140
13056948
13057756
13058556
13059368
13060168
13060948
13061728
13062504
13063296
13064092
13064896
13065712
13066536
13067376
13068236
13069112
13069976
13070872
13071784
13072664
13073572
13074448
13075316
13076200
13077080
13077940
13078804
13079680
13080556
13081448
13082340
13083224
13084128
13085068
13086000
13087052
13087952
13088812
13089672
13090528
13091384
13092276
13093200
13094116
13095040
13095964
13096868
13097764
13098652
13099512
13100364
13101236
13102092
13102976
13103856
13104704
13105552
13106376
13107184
13108004
13108808
13109600
13110404
13111212
13112016
13112852
13113692
13114512
13115364
13116224
13117088
13117944
13118804
13119692
13120564
13121456
13122344
13123204
13124044
13124892
13125732
13126576
13127452
13128324
13129180
13130028
13130876
13131712
13132540
13133384
13134240
13135072
13135908
13136748
13137560
13138380
13139188
13139972
13140756
13141540
13142364
13143204
13144080
13144988
13145884
13146792
13147696
13148588
13149476
13150380
13151244
13152128
13153024
13153904
13154808
13155712
13156596
13157512
13158428
13159304
13160196
13161096
13161984
13162872
13163772
13164660
13165572
13166488
13167380
13168288
13169204
13170080
13170972
13171848
13172708
13173592
13174460
13175312
13176192
13177052
13177892
13178720
13179556
13180396
13181236
13182088
13182936
13183764
13184600
13185440
13186268
13187096
13187920
13188740
13189552
13190356
13191156
13191972
13192784
13193604
13194408
13195224
13196032
13196832
13197648
13198460
13199272
13200116
13200968
13201840
13202732
13203628
13204524
13205420
13206312
13207168
13208008
13208848
13209668
13210492
13211328
13212152
13212984
13213836
13214664
13215492
13216316
13217136
13217968
13218800
13219624
13220464
13221296
13222124
13222956
13223776
13224596
13225440
13226280
13227128
13227964
13228796
13229620
13230440
13231260
13232084
13232896
13233708
13234548
13235388
13236232
13237092
13237932
13238764
13239584
13240380
13241168
13241956
13242756
13243568
13244400
13245232
13246060
13246892
13247700
13248504
13249300
13250092
13250888
13251692
13252508
13253336
13254180
13255008
13255828
13256640
13257444
13258252
13259060
13259864
13260676
13261488
13262304
13263132
13263960
13264784
13265596
13266396
13267212
13268036
13268872
13269736
13270584
13271432
13272276
13273112
13273964
13274836
13275672
13276512
13277364
13278192
13279044
13279896
13280724
13281580
13282436
13283260
13284112
13284960
13285800
13286640
13287472
13288284
13289100
13289912
13290716
13291524
13292336
13293144
13293956
13294768
13295576
13296384
13297192
13298008
13298820
13299636
13300440
13301240
13302052
13302860
13303652
13304456
13305264
13306076
13306900
13307716
13308536
13309356
13310188
13311008
13311828
13312648
13313460
13314272
13315080
13315880
13316688
13317516
13318348
13319184
13320016
13320844
13321656
13322464
13323264
13324068
13324884
13325716
13326572
13327424
13328280
13329136
13329976
13330812
13331640
13332464
13333284
13334108
13334940
13335772
13336608
13337440
13338268
13339096
13339924
13340752
13341592
13342452
13343304
13344172
13345020
13345860
13346684
13347508
13348324
13349132
13349932
13350716
13351508
13352320
13353120
13353920
13354720
13355536
13356368
13357236
13358108
13358984
13359876
13360764
13361640
13362516
13363368
13364228
13365056
13365872
13366704
13367552
13368392
13369268
13370164
13371048
13371964
13372892
13373828
13374784
13375724
13376636
13377544
13378428
13379312
13380184
13381028
13381888
13382744
13383616
13384524
13385408
13386320
13387244
13388140
13389048
13389940
13390800
13391676
13392540
13393384
13394276
13395188
13396092
13397012
13397940
13398844
13399756
13400664
13401540
13402428
13403308
13404172
13405040
13405916
13406784
13407696
13408620
13409508
13410404
13411276
13412152
13413048
13413916
13414820
13415740
13416616
13417476
13418364
13419236
13420124
13420992
13421844
13422728
13423632
13424504
13425400
13426276
13427152
13428060
13428980
13429880
13430800
13431724
13432636
13433564
13434496
13435400
13436336
13437276
13438184
13439132
13440068
13440976
13441880
13442776
13443664
13444568
13445484
13446364
13447264
13448172
13449052
13449964
13450868
13451752
13452644
13453508
13454372
13455252
13456112
13456992
13457872
13458740
13459648
13460552
13461444
13462368
13463280
13464184
13465096
13465996
13466900
13467812
13468728
13469628
13470524
13471416
13472276
13473156
13474036
13474892
13475772
13476652
13477500
13478368
13479236
13480084
13480948
13481796
13482628
13483468
13484324
13485184
13486064
13486936
13487812
13488696
13489572
13490412
13491240
13492072
13492944
13493800
13494676
13495564
13496428
13497316
13498208
13499088
13499976
13500868
13501732
13502596
13503488
13504376
13505280
13506200
13507084
13507952
13508804
13509636
13510484
13511332
13512168
13513000
13513828
13514632
13515460
13516284
13517104
13517924
13518728
13519532
13520360
13521168
13521964
13522772
13523588
13524384
13525188
13525992
13526784
13527596
13528428
13529260
13530112
13530976
13531852
13532764
13533672
13534564
13535468
13536380
13537280
13538172
13539088
13540008
13540920
13541860
13542760
13543672
13544564
13545428
13546280
13547132
13547980
13548852
13549744
13550672
13551616
13552528
13553456
13554464
13555336
13556192
13557032
13557888
13558736
13559572
13560452
13561340
13562244
13563132
13564004
13564868
13565736
13566568
13567396
13568248
13569144
13570032
13570948
13571892
13572788
13573712
13574640
13575536
13576452
13577368
13578256
13579148
13580044
13580928
13581808
13582684
13583528
13584376
13585228
13586064
13586908
13587792
13588640
13589524
13590420
13591272
13592140
13593012
13593844
13594684
13595524
13596340
13597184
13598048
13598888
13599776
13600676
13601556
13602476
13603388
13604280
13605192
13606088
13606968
13607844
13608720
13609572
13610432
13611308
13612160
13613028
13613896
13614736
13615596
13616464
13617320
13618192
13619060
13619904
13620788
13621636
13622472
13623320
13624140
13624964
13625788
13626588
13627408
13628252
13629112
13629996
13630900
13631768
13632656
13633516
13634344
13635168
13635976
13636780
13637580
13638372
13639152
13639936
13640740
13641692
13642636
13643556
13644472
13645324
13646228
13647088
13647940
13648812
13649668
13650504
13651312
13652120
13652928
13653728
13654520
13655304
13656080
13656848
13657608
13658368
13659112
13659848
13660596
13661360
13662152
13662972
13663816
13664672
13665528
13666388
13667248
13668096
13668952
13669816
13670680
13671540
13672424
13673332
13674220
13675120
13675992
13676844
13677692
13678532
13679368
13680232
13681092
13681964
13682860
13683736
13684632
13685508
13686364
13687236
13688100
13688980
13689880
13690800
13691716
13692636
13693524
13694416
13695296
13696160
13697024
13697880
13698752
13699640
13700520
13701412
13702328
13703208
13704092
13705000
13705884
13706784
13707792
13708660
13709668
13710508
13711340
13712344
13713216
13714076
13714912
13715736
13716572
13717404
13718220
13719040
13719880
13720720
13721584
13722488
13723520
13724500
13725364
13726352
13727204
13728028
13728852
13729808
13730632
13731452
13732404
13733244
13734092
13735060
13735916
13736780
13737644
13738664
13739520
13740392
13741252
13742244
13743092
13743928
13744752
13745716
13746560
13747392
13748360
13749180
13749988
13750824
13751800
13752672
13753536
13754384
13755256
13756152
13757092
13758020
13758956
13759876
13760896
13761784
13762628
13763472
13764296
13765108
13765932
13766744
13767556
13768376
13769208
13770040
13770904
13771744
13772576
13773392
13774176
13774960
13775736
13776492
13777276
13778064
13778844
13779664
13780488
13781320
13782176
13783012
13784008
13784852
13785672
13786480
13787440
13788272
13789064
13789844
13790620
13791396
13792168
13792948
13793712
13794500
13795328
13796152
13797112
13797936
13798724
13799652
13800420
13801180
13801956
13802732
13803540
13804348
13805148
13805944
13806736
13807540
13808332
13809132
13809924
13810724
13811532
13812328
13813132
13813936
13814724
13815508
13816292
13817072
13817856
13818644
13819428
13820212
13820984
13821748
13822520
13823284
13824040
13824808
13825584
13826368
13827152
13827936
13828736
13829540
13830352
13831160
13831944
13832720
13833532
13834332
13835144
13835964
13836800
13837636
13838472
13839292
13840084
13840852
13841624
13842372
13843104
13843836
13844564
13845292
13846032
13846780
13847528
13848296
13849096
13849908
13850728
13851556
13852396
13853232
13854084
13854940
13855768
13856596
13857408
13858208
13859008
13859800
13860588
13861380
13862196
13863004
13863816
13864656
13865504
13866348
13867216
13868068
13868920
13869780
13870604
13871444
13872288
13873112
13873964
13874812
13875640
13876480
13877304
13878108
13878928
13879748
13880556
13881388
13882224
13883048
13883872
13884692
13885508
13886328
13887168
13888000
13888832
13889668
13890496
13891332
13892176
13893020
13893844
13894668
13895492
13896308
13897160
13898020
13898872
13899748
13900616
13901480
13902348
13903176
13904004
13904832
13905636
13906452
13907280
13908096
13908924
13909764
13910584
13911440
13912324
13913192
13914076
13914964
13915828
13916700
13917568
13918432
13919312
13920180
13921044
13921908
13922820
13923740
13924692
13925624
13926524
13927424
13928328
13929180
13930056
13930972
13931836
13932732
13933624
13934504
13935412
13936312
13937184
13938072
13938936
13939812
13940708
13941584
13942496
13943420
13944328
13945240
13946132
13947012
13947892
13948740
13949600
13950444
13951284
13952136
13952980
13953800
13954632
13955448
13956260
13957060
13957844
13958632
13959432
13960232
13961040
13961852
13962660
13963484
13964304
13965132
13965948
13966788
13967632
13968456
13969300
13970124
13970952
13971800
13972660
13973492
13974332
13975224
13976148
13977016
13977852
13978828
13979648
13980456
13981240
13982180
13983088
13983876
13984660
13985448
13986240
13987028
13987860
13988692
13989532
13990524
13991368
13992196
13992996
13993804
13994616
13995432
13996244
13997072
13997928
13998884
13999748
14000600
14001520
14002352
14003296
14004128
14005056
14005884
14006852
14007780
14008588
14009380
14010180
14011016
14011856
14012744
14013652
14014528
14015404
14016260
14017076
14017876
14018684
14019468
14020252
14021028
14021956
14022736
14023488
14024232
14024968
14025720
14026468
14027220
14027972
14028720
14029512
14030328
14031324
14032164
14032984
14033784
14034616
14035468
14036360
14037264
14038132
14038964
14039764
14040572
14041372
14042160
14042940
14043716
14044476
14045240
14046008
14046768
14047556
14048360
14049180
14050024
14050852
14051676
14052504
14053316
14054128
14054948
14055756
14056572
14057392
14058204
14059032
14059868
14060688
14061520
14062336
14063124
14063900
14064680
14065440
14066192
14066932
14067664
14068416
14069188
14069972
14070804
14071636
14072464
14073304
14074124
14074936
14075732
14076520
14077296
14078068
14078836
14079600
14080356
14081120
14081888
14082676
14083464
14084260
14085060
14085852
14086640
14087420
14088204
14088968
14089756
14090544
14091336
14092152
14092964
14093808
14094668
14095532
14096396
14097232
14098072
14098940
14099776
14100596
14101412
14102232
14103048
14103864
14104664
14105468
14106268
14107088
14107912
14108732
14109564
14110396
14111236
14112064
14112900
14113768
14114616
14115492
14116368
14117208
14118064
14118908
14119748
14120644
14121516
14122444
14123372
14124260
14125156
14126024
14126884
14127748
14128580
14129408
14130244
14131064
14131896
14132720
14133528
14134348
14135160
14135968
14136780
14137604
14138432
14139272
14140124
14140976
14141828
14142676
14143512
14144352
14145188
14146012
14146852
14147680
14148496
14149320
14150152
14150996
14151864
14152728
14153600
14154480
14155352
14156228
14157100
14157964
14158840
14159708
14160568
14161444
14162328
14163192
14164060
14164960
14165820
14166672
14167532
14168376
14169240
14170116
14171000
14171908
14172784
14173652
14174496
14175324
14176132
14176932
14177748
14178548
14179364
14180228
14181264
14182152
14183028
14183876
14184844
14185616
14186456
14187232
14187988
14188736
14189484
14190244
14191012
14191780
14192572
14193356
14194160
14194984
14195796
14196644
14197508
14198520
14199388
14200216
14201048
14202036
14202892
14203720
14204516
14205308
14206092
14206860
14207628
14208400
14209160
14209952
14210784
14211596
14212440
14213328
14214340
14215196
14216156
14216976
14217908
14218692
14219460
14220248
14221040
14221852
14222692
14223644
14224512
14225360
14226184
14227148
14227976
14228952
14229772
14230596
14231552
14232368
14233168
14233996
14234832
14235792
14236628
14237452
14238412
14239244
14240188
14241024
14241868
14242708
14243592
14244476
14245372
14246308
14247196
14248096
14248972
14249808
14250632
14251436
14252224
14253036
14253844
14254660
14255508
14256376
14257232
14258124
14259028
14259932
14260856
14261732
14262596
14263424
14264236
14265052
14265848
14266648
14267460
14268244
14269052
14269864
14270672
14271500
14272320
14273136
14273960
14274764
14275556
14276388
14277244
14278148
14279012
14279876
14280740
14281580
14282432
14283264
14284072
14284856
14285648
14286432
14287244
14288060
14288884
14289696
14290552
14291424
14292292
14293208
14294120
14295012
14295876
14296728
14297588
14298432
14299272
14300116
14300960
14301804
14302676
14303560
14304420
14305292
14306156
14307008
14307872
14308728
14309616
14310496
14311420
14312332
14313240
14314144
14315008
14315872
14316740
14317576
14318436
14319316
14320224
14321100
14321956
14322800
14323680
14324640
14325692
14326744
14327784
14328796
14329712
14330608
14331508
14332432
14333412
14334424
14335448
14336400
14337360
14338328
14339248
14340184
14341092
14342024
14343004
14344000
14345020
14346024
14346976
14347960
14348928
14349924
14350944
14352000
14352980
14353956
14354876
14355780
14356676
14357532
14358372
14359212
14360144
14361164
14362172
14363232
14364256
14365236
14366264
14367316
14368316
14369336
14370304
14371292
14372324
14373412
14374424
14375508
14376580
14377580
14378616
14379636
14380600
14381596
14382612
14383564
14384564
14385604
14386596
14387840
14388816
14389832
14390860
14391792
14392744
14393700
14394668
14395684
14396640
14397648
14398684
14399936
14400912
14401816
14402696
14403560
14404432
14405292
14406144
14407008
14407872
14408756
14409684
14410616
14411572
14412532
14413556
14414612
14415884
14416948
14418236
14419292
14420624
14421760
14422976
14424004
14425148
14426248
14427312
14428476
14429544
14430656
14431776
14432796
14433840
14434896
14435976
14437048
14438108
14439076
14440004
14440940
14442012
14443072
14444144
14445240
14446296
14447376
14448436
14449456
14450516
14451548
14452604
14453668
14454704
14455772
14456832
14457864
14458920
14459960
14460988
14462068
14463168
14464228
14465308
14466388
14467440
14468548
14469516
14470504
14471520
14472520
14473568
14474628
14475604
14476620
14477628
14478612
14479640
14480664
14481608
14482552
14483476
14484372
14485296
14486268
14487212
14488224
14489192
14490168
14491160
14492080
14492980
14493852
14494828
14495900
14496920
14498024
14499080
14500176
14501252
14502336
14503444
14504496
14505564
14506612
14507660
14508732
14509768
14510840
14511896
14512920
14514016
14515072
14516104
14517080
14518032
14519028
14520040
14521024
14522052
14523084
14524168
14525308
14526452
14527544
14528612
14529712
14530864
14531908
14532928
14533892
14534840
14535760
14536664
14537584
14538548
14539612
14540772
14541920
14543092
14544304
14545344
14546440
14547500
14548592
14549644
14550776
14551880
14552996
14554140
14555224
14556312
14557324
14558340
14559396
14560476
14561580
14562636
14563712
14564760
14565820
14566840
14567876
14568860
14569824
14570772
14571708
14572660
14573620
14574604
14575660
14576700
14577820
14578884
14580000
14581072
14582184
14583344
14584392
14585412
14586432
14587488
14588492
14589556
14590592
14591600
14592524
14593344
14594232
14595080
14595944
14596808
14597672
14598520
14599508
14600388
14601268
14602180
14603080
14603988
14605092
14606052
14607080
14608140
14609212
14610308
14611388
14612360
14613316
14614296
14615244
14616216
14617196
14618196
14619168
14620140
14621140
14622144
14623100
14624068
14625036
14626024
14626976
14627972
14628972
14629924
14630836
14631744
14632676
14633600
14634524
14635428
14636376
14637308
14638212
14639132
14640088
14641080
14642020
14642928
14643840
14644736
14645628
14646528
14647404
14648268
14649136
14650008
14650876
14651748
14652632
14653504
14654412
14655284
14656136
14657016
14657864
14658704
14659564
14660420
14661312
14662200
14663060
14663928
14664832
14665796
14666772
14667704
14668676
14669664
14670596
14671556
14672500
14673460
14674404
14675316
14676236
14677144
14678016
14678876
14679736
14680572
14681404
14682284
14683240
14684192
14685256
14686336
14687384
14688344
14689348
14690340
14691328
14692312
14693304
14694296
14695276
14696232
14697180
14698156
14699144
14700144
14701144
14702116
14703064
14703972
14704856
14705720
14706552
14707388
14708232
14709068
14709912
14710808
14711736
14712684
14713580
14714492
14715412
14716340
14717236
14718140
14719052
14719980
14720900
14721844
14722816
14723800
14724760
14725728
14726720
14727632
14728544
14729472
14730420
14731340
14732272
14733180
14734100
14734988
14735852
14736696
14737524
14738360
14739164
14739976
14740776
14741556
14742332
14743120
14743904
14744676
14745460
14746252
14747076
14747884
14748720
14749564
14750396
14751216
14752028
14752836
14753652
14754488
14755320
14756172
14757052
14757924
14758816
14759716
14760604
14761516
14762400
14763280
14764156
14765012
14765896
14766760
14767644
14768512
14769368
14770216
14771060
14771888
14772708
14773544
14774364
14775216
14776120
14777088
14778128
14779184
14780200
14781260
14782332
14783428
14784500
14785528
14786524
14787548
14788572
14789576
14790536
14791504
14792464
14793388
14794292
14795164
14796000
14796836
14797648
14798452
14799260
14800040
14800828
14801624
14802428
14803252
14804100
14804940
14805784
14806676
14807576
14808488
14809404
14810300
14811220
14812128
14813012
14813916
14814780
14815640
14816472
14817284
14818108
14818936
14819760
14820596
14821416
14822248
14823100
14823940
14824812
14825676
14826544
14827424
14828284
14829128
14829996
14830936
14831884
14832804
14833768
14834772
14835744
14836748
14837768
14838776
14839768
14840772
14841756
14842744
14843772
14844760
14845800
14846872
14847896
14848912
14849900
14850820
14851736
14852640
14853528
14854428
14855344
14856264
14857144
14858060
14859004
14859908
14860844
14861804
14862736
14863700
14864684
14865652
14866628
14867604
14868508
14869428
14870348
14871244
14872172
14873096
14874000
14874976
14875988
14876984
14877996
14879032
14880012
14881012
14882040
14883020
14884080
14885100
14886144
14887208
14888284
14889316
14890408
14891488
14892544
14893616
14894644
14895736
14896824
14897844
14898884
14899940
14900940
14901984
14903072
14904116
14905176
14906180
14907200
14908276
14909228
14910256
14911184
14912108
14913060
14914084
14915112
14916200
14917288
14918316
14919316
14920304
14921316
14922292
14923304
14924324
14925340
14926400
14927460
14928492
14929528
14930536
14931572
14932584
14933528
14934456
14935488
14936400
14937412
14938300
14939164
14940244
14941200
14942200
14943160
14944192
14945252
14946308
14947424
14948504
14949584
14950672
14951720
14952800
14953888
14954984
14956032
14957104
14958152
14959180
14960220
14961264
14962316
14963388
14964416
14965460
14966484
14967480
14968448
14969396
14970340
14971300
14972324
14973328
14974412
14975476
14976552
14977580
14978624
14979688
14980704
14981764
14982816
14983868
14984948
14985988
14987072
14988136
14989188
14990268
14991312
14992396
14993484
14994568
14995612
14996624
14997668
14998692
14999700
15000744
15001764
15002764
15003828
15004888
15005932
15006984
15008016
15008984
15009968
15010964
15011956
15013020
15014076
15015112
15016172
15017208
15018244
15019332
15020420
15021492
15022576
15023624
15024672
15025716
15026736
15027736
15028700
15029616
15030508
15031376
15032212
15033212
15034104
15035024
15035968
15036924
15037888
15038892
15039896
15040872
15041876
15042892
15043900
15044884
15045884
15046868
15047804
15048700
15049808
15050864
15051892
15052956
15054068
15055180
15056244
15057340
15058460
15059508
15060580
15061664
15062752
15063804
15064892
15066012
15067100
15068220
15069252
15070232
15071216
15072208
15073236
15074280
15075240
15076168
15077260
15078188
15079168
15080292
15081296
15082416
15083576
15084764
15085996
15087152
15088252
15089348
15090448
15091508
15092572
15093640
15094696
15095692
15096684
15097688
15098684
15099696
15100692
15101668
15102692
15103744
15104784
15105824
15106892
15107940
15108976
15110036
15111080
15112108
15113144
15114172
15115208
15116260
15117260
15118272
15119292
15120280
15121292
15122316
15123308
15124328
15125376
15126376
15127392
15128404
15129348
15130328
15131324
15132276
15133252
15134188
15135108
15136032
15136972
15137904
15138856
15139828
15140760
15141728
15142720
15143708
15144684
15145652
15146640
15147640
15148664
15149656
15150684
15151736
15152756
15153796
15154840
15155852
15156888
15157928
15158976
15160024
15161068
15162056
15163048
15164024
15164952
15165896
15166872
15167848
15168876
15169916
15170908
15171960
15172960
15173912
15174848
15175804
15176768
15177812
15178780
15179756
15180704
15181668
15182652
15183652
15184660
15185664
15186712
15187792
15188788
15189748
15190688
15191656
15192608
15193572
15194592
15195700
15196832
15197908
15199028
15200152
15201252
15202320
15203412
15204440
15205412
15206372
15207328
15208272
15209204
15210172
15211112
15212028
15212980
15213976
15214936
15215928
15217008
15218136
15219220
15220316
15221444
15222584
15223708
15224732
15225788
15226864
15227940
15229016
15230044
15231116
15232188
15233224
15234260
15235284
15236324
15237304
15238292
15239236
15240176
15241148
15242124
15243088
15244072
15245052
15246016
15247004
15248004
15248968
15249972
15250944
15251940
15252984
15254008
15255024
15255972
15256920
15257820
15258696
15259560
15260452
15261344
15262284
15263272
15264244
15265252
15266260
15267244
15268260
15269256
15270304
15271340
15272316
15273404
15274408
15275360
15276280
15277184
15278096
15278996
15279932
15280860
15281748
15282616
15283524
15284484
15285404
15286400
15287464
15288464
15289500
15290572
15291620
15292664
15293748
15294832
15295812
15296804
15297828
15298884
15299892
15300948
15302004
15303016
15304028
15305044
15306024
15306944
15307872
15308780
15309700
15310660
15311572
15312512
15313476
15314400
15315364
15316356
15317360
15318332
15319324
15320356
15321356
15322360
15323380
15324368
15325384
15326396
15327428
15328396
15329400
15330404
15331408
15332368
15333432
15334336
15335208
15336088
15336948
15337832
15338836
15339944
15340976
15342000
15342976
15343900
15344788
15345684
15346556
15347468
15348432
15349424
15350404
15351400
15352408
15353380
15354348
15355324
15356312
15357304
15358300
15359312
15360288
15361272
15362268
15363260
15364256
15365248
15366192
15367272
15368260
15369212
15370176
15371176
15372188
15373168
15374168
15375168
15376172
15377124
15378088
15379048
15379984
15380912
15381808
15382684
15383544
15384396
15385228
15386040
15386872
15387732
15388604
15389536
15390452
15391416
15392404
15393392
15394380
15395316
15396292
15397296
15398292
15399240
15400176
15401124
15402040
15402968
15403948
15405036
15406052
15407152
15408260
15409276
15410320
15411376
15412396
15413448
15414464
15415448
15416444
15417436
15418376
15419300
15420200
15421068
15421928
15422788
15423724
15424776
15425844
15426820
15427820
15428836
15429860
15430856
15431848
15432792
15433704
15434588
15435420
15436248
15437196
15437988
15438744
15439480
15440216
15440936
15441648
15442356
15443076
15443796
15444536
15445288
15446064
15446848
15447684
15448544
15449400
15450288
15451132
15452072
15452948
15453792
15454708
15455628
15456496
15457380
15458240
15459148
15460064
15461016
15462084
15463060
15464008
15464984
15465964
15466924
15467820
15468712
15469608
15470460
15471492
15472360
15473196
15474192
15475036
15475876
15476860
15477720
15478572
15479592
15480460
15481336
15482440
15483344
15484232
15485092
15486148
15487016
15487864
15488856
15489688
15490532
15491644
15492656
15493712
15494764
15495752
15496808
15497888
15498988
15500036
15501092
15502116
15503152
15504124
15505064
15506064
15507096
15508084
15509132
15510064
15511096
15511980
15512992
15513864
15514736
15515608
15516524
15517452
15518364
15519312
15520260
15521240
15522160
15523100
15524032
15524936
15525852
15526756
15527636
15528524
15529544
15530552
15531420
15532292
15533176
15534072
15535008
15535980
15536928
15537904
15538892
15539820
15540780
15541728
15542644
15543568
15544484
15545368
15546264
15547132
15547980
15548804
15549620
15550456
15551276
15552096
15552912
15553708
15554496
15555280
15556048
15556812
15557588
15558364
15559184
15560028
15560844
15561664
15562484
15563284
15564076
15564860
15565640
15566424
15567244
15568148
15569108
15570124
15571172
15572184
15573252
15574348
15575416
15576512
15577528
15578532
15579488
15580460
15581380
15582260
15583208
15584236
15585292
15586304
15587336
15588344
15589328
15590340
15591340
15592324
15593336
15594312
15595352
15596416
15597420
15598416
15599356
15600260
15601124
15602120
15603216
15604212
15605320
15606496
15607588
15608712
15609856
15610936
15612024
15613064
15614128
15615232
15616304
15617352
15618428
15619544
15620584
15621624
15622604
15623572
15624528
15625424
15626368
15627280
15628204
15629124
15630020
15630952
15631872
15632756
15633656
15634536
15635396
15636272
15637188
15638124
15639068
15640072
15641036
15642020
15643032
15643988
15644968
15645960
15647016
15648120
15649204
15650296
15651376
15652472
15653540
15654632
15655780
15656888
15657984
15659064
15660148
15661288
15662364
15663448
15664508
15665496
15666524
15667572
15668560
15669592
15670668
15671728
15672816
15673904
15674936
15675972
15676928
15677888
15678828
15679740
15680696
15681692
15682636
15683616
15684588
15685568
15686588
15687644
15688640
15689680
15690704
15691704
15692732
15693740
15694792
15695860
15696912
15697956
15699032
15700052
15701100
15702104
15703052
15704028
15704932
15705800
15706656
15707480
15708292
15709104
15709888
15710676
15711464
15712268
15713188
15714212
15715292
15716256
15717172
15718092
15719076
15720108
15721148
15722144
15723156
15724180
15725212
15726184
15727200
15728276
15729384
15730420
15731496
15732560
15733540
15734508
15735512
15736588
15737612
15738664
15739744
15740736
15741752
15742792
15743808
15744832
15745872
15746864
15747848
15748852
15749852
15750812
15751812
15752856
15753868
15754936
15756036
15757060
15758124
15759160
15760160
15761164
15762184
15763176
15764212
15765284
15766300
15767336
15768392
15769400
15770424
15771448
15772448
15773516
15774632
15775724
15776884
15778012
15779100
15780176
15781204
15782264
15783348
15784372
15785464
15786580
15787628
15788696
15789772
15790812
15791892
15792944
15794036
15795120
15796132
15797156
15798120
15799092
15800080
15801044
15802036
15803040
15804032
15805044
15806028
15807036
15808052
15809052
15810076
15811116
15812144
15813192
15814200
15815188
15816184
15817180
15818164
15819160
15820136
15821140
15822136
15823092
15824068
15824992
15825900
15826764
15827624
15828464
15829316
15830164
15831012
15831864
15832696
15833536
15834372
15835192
15835992
15836788
15837584
15838400
15839268
15840152
15841064
15842000
15843044
15844068
15845044
15846172
15847144
15848188
15849312
15850488
15851656
15852836
15854032
15855208
15856392
15857460
15858560
15859640
15860712
15861808
15862912
15863988
15865092
15866208
15867260
15868352
15869428
15870480
15871540
15872568
15873632
15874652
15875712
15876808
15877840
15878924
15879952
15881028
15882076
15883124
15884132
15885136
15886192
15887192
15888240
15889308
15890340
15891404
15892456
15893536
15894636
15895716
15896808
15897880
15898936
15900048
15901148
15902248
15903364
15904396
15905452
15906512
15907556
15908636
15909660
15910712
15911816
15912812
15913856
15914924
15915956
15917036
15918084
15919168
15920280
15921360
15922456
15923572
15924628
15925700
15926764
15927760
15928804
15929852
15930888
15931956
15933028
15934020
15935040
15936088
15937128
15938148
15939220
15940308
15941320
15942368
15943408
15944372
15945368
15946364
15947364
15948360
15949412
15950504
15951576
15952664
15953732
15954768
15955836
15956888
15957940
15959016
15960072
15961172
15962248
15963232
15964232
15965184
15966112
15967040
15968024
15968992
15970028
15971096
15972108
15973192
15974280
15975308
15976348
15977416
15978424
15979504
15980600
15981616
15982648
15983620
15984624
15985560
15986456
15987376
15988244
15989108
15990012
15991012
15992080
15993100
15994144
15995192
15996232
15997188
15998176
15999184
16000180
16001128
16002068
16003044
16004080
16005096
16006128
16007184
16008256
16009296
16010256
16011180
16012092
16013112
16014180
16015184
16016188
16017248
16018292
16019288
16020320
16021352
16022352
16023328
16024348
16025376
16026348
16027340
16028332
16029360
16030316
16031320
16032340
16033356
16034344
16035372
16036440
16037496
16038468
16039464
16040488
16041552
16042644
16043704
16044784
16045884
16046972
16048068
16049152
16050208
16051232
16052304
16053400
16054436
16055496
16056560
16057644
16058672
16059732
16060808
16061852
16062932
16064016
16065084
16066176
16067260
16068304
16069384
16070460
16071476
16072536
16073616
16074656
16075700
16076752
16077752
16078744
16079736
16081228
16082248
16083272
16084412
16085384
16086352
16087356
16088452
16089504
16090580
16091664
16092684
16093764
16094808
16095784
16096784
16097804
16098800
16099800
16100836
16101880
16102876
16103916
16104968
16105972
16106956
16107984
16108980
16109956
16110964
16112028
16113036
16114076
16115156
16116208
16117236
16118296
16119376
16120456
16121504
16122576
16123664
16124744
16125820
16126916
16128024
16129080
16130140
16131228
16132316
16133376
16134480
16135580
16136592
16137612
16138660
16139680
16140680
16141708
16142676
16143636
16144572
16145492
16146436
16147424
16148376
16149352
16150356
16151340
16152368
16153324
16154264
16155212
16156128
16157012
16157880
16158768
16159724
16160688
16161756
16162864
16163940
16165004
16165984
16166988
16167940
16168868
16169792
16170772
16171736
16172756
16173736
16174788
16175860
16176872
16177924
16178976
16179968
16180988
16182040
16183052
16184084
16185104
16186096
16187164
16188292
16189452
16190568
16191624
16192728
16193808
16194888
16195996
16197124
16198228
16199332
16200384
16201456
16202496
16203524
16204568
16205624
16206620
16207664
16208684
16209648
16210604
16211556
16212488
16213388
16214268
16215132
16216124
16216980
16217816
16218680
16219564
16220484
16221356
16222244
16223152
16224044
16224924
16225772
16226624
16227480
16228424
16229464
16230488
16231632
16232724
16233852
16234924
16236028
16237116
16238240
16239376
16240492
16241520
16242600
16243736
16244896
16246080
16247232
16248440
16249628
16250728
16251860
16253008
16254160
16255300
16256336
16257436
16258536
16259568
16260632
16261732
16262768
16263788
16264776
16265732
16266692
16267656
16268644
16269640
16270628
16271652
16272676
16273716
16274716
16275760
16276800
16277764
16278728
16279680
16280608
16281520
16282408
16283288
16284164
16285180
16286108
16287028
16288092
16289064
16290096
16291144
16292156
16293248
16294376
16295504
16296640
16297688
16298796
16299908
16301008
16302052
16303152
16304252
16305340
16306360
16307408
16308484
16309576
16310588
16311572
16312524
16313436
16314460
16315336
16316188
16317060
16317924
16318812
16319688
16320536
16321380
16322208
16323024
16323844
16324656
16325484
16326316
16327212
16328172
16329196
16330200
16331188
16332136
16333060
16333984
16334928
16335916
16336920
16337904
16338848
16339832
16340852
16341896
16342968
16343944
16344936
16345908
16346872
16347788
16348692
16349640
16350640
16351676
16352700
16353656
16354620
16355588
16356580
16357584
16358596
16359632
16360692
16361764
16362820
16363872
16364896
16365920
16366932
16367920
16368856
16369808
16370788
16371736
16372656
16373552
16374472
16375432
16376380
16377332
16378324
16379340
16380340
16381344
16382372
16383388
16384388
16385396
16386408
16387376
16388332
16389292
16390208
16391164
16392068
16392964
16393880
16394772
16395692
16396648
16397592
16398564
16399548
16400480
16401420
16402320
16403220
16404076
16404912
16405756
16406596
16407432
16408348
16409412
16410584
16411608
16412596
16413612
16414636
16415640
16416588
16417528
16418464
16419428
16420404
16421328
16422260
16423192
16424092
16424980
16425844
16426776
16427756
16428732
16429756
16430812
16431896
16432976
16434060
16435144
16436244
16437308
16438368
16439384
16440372
16441376
16442376
16443392
16444428
16445436
16446380
16447332
16448256
16449180
16450076
16450992
16451872
16452748
16453600
16454432
16455264
16456092
16456956
16458100
16459216
16460264
16461248
16462184
16463100
16464016
16464948
16465884
16466812
16467712
16468600
16469548
16470556
16471556
16472512
16473508
16474532
16475476
16476448
16477412
16478428
16479504
16480592
16481672
16482748
16483784
16484736
16485676
16486600
16487508
16488388
16489248
16490112
16490968
16491836
16492716
16493604
16494472
16495324
16496148
16496956
16497768
16498580
16499464
16500348
16501240
16502132
16503032
16503944
16504840
16505708
16506600
16507492
16508360
16509224
16510068
16510888
16511688
16512500
16513308
16514104
16514884
16515660
16516436
16517212
16517976
16518736
16519484
16520236
16520984
16521720
16522456
16523204
16523968
16524760
16525572
16526376
16527196
16528040
16528872
16529708
16530540
16531360
16532180
16532992
16533792
16534584
16535372
16536160
16536968
16537780
16538604
16539440
16540284
16541132
16541992
16542844
16543688
16544528
16545364
16546184
16547016
16547868
16548760
16549668
16550604
16551540
16552484
16553440
16554396
16555352
16556296
16557232
16558136
16559032
16559932
16560816
16561692
16562540
16563384
16564200
16565016
16565812
16566604
16567400
16568196
16569000
16569840
16570668
16571524
16572424
16573308
16574160
16575012
16575832
16576644
16577448
16578236
16579020
16579792
16580556
16581312
16582076
16582828
16583580
16584348
16585120
16585924
16586772
16587624
16588496
16589376
16590236
16591156
16592076
16593092
16594072
16595040
16596012
16596960
16597892
16598800
16599672
16600540
16601404
16602280
16603144
16604036
16604972
16605912
16606856
16607764
16608660
16609536
16610392
16611216
16612060
16612888
16613724
16614564
16615392
16616224
16617048
16617880
16618712
16619556
16620404
16621260
16622096
16622908
16623720
16624520
16625308
16626096
16626860
16627616
16628380
16629132
16629888
16630664
16631452
16632248
16633064
16633892
16634720
16635580
16636436
16637296
16638160
16639032
16639920
16640792
16641680
16642584
16643464
16644344
16645236
16646116
16647004
16647912
16648796
16649708
16650620
16651524
16652440
16653360
16654248
16655104
16655952
16656824
16657676
16658552
16659484
16660428
16661376
16662288
16663172
16664020
16664844
16665684
16666528
16667400
16668332
16669264
16670204
16671148
16672036
16672904
16673764
16674616
16675460
16676296
16677144
16678016
16678868
16679728
16680596
16681476
16682356
16683240
16684136
16685056
16685964
16686876
16687788
16688692
16689560
16690408
16691260
16692100
16692936
16693772
16694596
16695428
16696284
16697164
16698036
16698896
16699772
16700660
16701544
16702436
16703292
16704148
16705048
16705936
16706828
16707716
16708576
16709448
16710296
16711152
16712008
16712884
16713792
16714672
16715592
16716516
16717476
16718456
16719448
16720408
16721380
16722320
16723272
16724252
16725188
16726180
16727124
16728068
16728996
16729980
16731048
16732168
16733316
16734404
16735512
16736604
16737676
16738736
16739748
16740704
16741632
16742544
16743428
16744376
16745328
16746468
16747504
16748556
16749600
16750608
16751652
16752708
16753736
16754784
16755836
16756824
16757812
16758756
16759716
16760700
16761656
16762616
16763528
16764436
16765340
16766236
16767136
16768052
16769104
16770104
16771120
16772172
16773152
16774200
16775272
16776372
16777408
16778476
16779552
16780548
16781584
16782640
16783692
16784792
16785908
16786976
16788092
16789244
16790300
16791380
16792456
16793492
16794540
16795520
16796500
16797440
16798356
16799264
16800312
16801220
16802104
16803160
16804088
16805112
16806228
16807312
16808456
16809452
16810488
16811472
16812396
16813304
16814192
16815116
16816244
16817452
16818636
16819708
16820732
16821768
16822880
16824008
16825080
16826232
16827388
16828520
16829588
16830692
16831832
16832980
16834096
16835268
16836404
16837500
16838600
16839716
16840784
16841900
16843012
16844092
16845212
16846332
16847408
16848532
16849644
16850720
16851848
16852956
16853984
16855036
16856068
16857088
16858140
16859132
16860168
16861200
16862188
16863256
16864320
16865384
16866480
16867504
16868496
16869464
16870416
16871348
16872280
16873212
16874196
16875208
16876212
16877256
16878208
16879176
16880084
16880984
16881888
16882756
16883636
16884544
16885496
16886452
16887436
16888416
16889360
16890296
16891280
16892264
16893284
16894308
16895368
16896408
16897732
16898892
16900108
16901308
16902408
16903560
16904644
16905656
16906692
16907760
16908772
16909812
16910912
16911972
16913084
16914204
16915288
16916384
16917436
16918452
16919528
16920604
16921732
16922904
16923996
16925108
16926232
16927292
16928404
16929492
16930544
16931620
16932708
16933784
16934884
16935980
16937060
16938116
16939096
16940104
16941120
16942084
16943020
16944036
16945124
16946152
16947200
16948252
16949268
16950308
16951320
16952360
16953428
16954496
16955516
16956584
16957668
16958664
16959740
16960868
16961980
16963032
16964124
16965212
16966256
16967316
16968428
16969488
16970552
16971632
16972624
16973636
16974628
16975612
16976604
16977588
16978528
16979488
16980496
16981536
16982568
16983628
16984672
16985664
16986660
16987652
16988620
16989632
16990664
16991664
16992712
16993752
16994748
16995756
16996780
16997772
16998808
16999840
17000844
17001892
17002952
17003984
17005104
17006248
17007308
17008416
17009500
17010544
17011632
17012720
17013772
17014840
17015916
17016936
17017988
17019032
17020016
17021064
17022152
17023200
17024264
17025344
17026348
17027388
17028420
17029392
17030400
17031444
17032444
17033500
17034588
17035612
17036660
17037736
17038772
17039824
17040832
17041792
17042652
17043568
17044424
17045244
17046056
17046740
17047644
17048484
17049360
17050300
17051268
17052320
17053324
17054316
17055276
17056296
17057280
17058224
17059124
17059996
17060840
17061656
17062536
17063340
17064180
17064964
17065812
17066676
17067576
17068540
17069540
17070556
17071560
17072540
17073496
17074416
17075320
17076208
17077064
17077916
17078676
17079540
17080264
17081332
17082216
17083056
17083908
17084752
17085588
17086440
17087300
17088140
17088996
17089844
17090680
17091528
17092368
17093200
17094056
17094908
17095760
17096644
17097556
17098480
17099432
17100388
17101344
17102312
17103276
17104240
17105200
17106144
17107064
17107940
17108800
17109652
17110492
17111332
17112192
17113036
17113828
17114704
17115700
17116564
17117404
17118232
17119224
17120084
17120956
17121884
17122872
17123864
17124940
17126016
17127060
17128064
17129028
17129948
17130860
17131736
17132588
17133456
17134308
17135168
17136068
17136948
17137848
17138748
17139648
17140540
17141444
17142312
17143180
17144056
17144904
17145760
17146592
17147428
17148304
17149160
17150056
17150948
17151852
17152576
17153448
17154320
17155176
17156020
17156872
17157692
17158520
17159340
17160172
17161024
17161884
17162764
17163668
17164572
17165464
17166380
17167260
17168144
17169048
17169924
17170816
17171716
17172600
17173500
17174360
17175224
17176100
17176948
17177796
17178636
17179440
17180252
17181040
17181824
17182596
17183372
17184148
17184928
17185704
17186472
17187236
17187996
17188756
17189552
17190352
17191164
17191988
17192804
17193624
17194452
17195268
17196100
17196948
17197776
17198604
17199416
17200244
17201104
17201964
17202840
17203744
17204624
17205516
17206436
17207332
17208216
17209088
17209936
17210828
17211684
17212572
17213464
17214312
17215164
17216004
17216832
17217684
17218540
17219384
17220280
17221172
17222092
17223012
17223916
17224844
17225756
17226668
17227588
17228476
17229404
17230280
17231168
17232064
17232932
17233824
17234688
17235520
17236340
17237136
17237912
17238680
17239436
17240176
17240920
17241664
17242388
17243124
17243880
17244632
17245408
17246200
17246992
17247784
17248612
17249452
17250268
17251132
17251984
17252804
17253632
17254452
17255264
17256068
17256872
17257684
17258492
17259320
17260184
17261052
17261976
17262916
17263788
17264676
17265548
17266384
17267212
17268020
17268800
17269572
17270332
17271084
17271836
17272592
17273348
17274124
17274924
17275708
17276536
17277376
17278212
17279072
17279952
17280808
17281680
17282532
17283360
17284156
17284944
17285720
17286484
17287240
17287988
17288744
17289500
17290268
17291044
17291860
17292680
17293552
17294408
17295292
17296188
17297088
17297960
17298792
17299632
17300460
17301276
17302152
17303060
17303928
17304836
17305708
17306544
17307372
17308164
17308952
17309728
17310492
17311272
17312080
17312896
17313736
17314636
17315584
17316504
17317460
17318424
17319364
17320296
17321264
17322156
17323048
17323920
17324752
17325608
17326456
17327312
17328152
17328980
17329800
17330608
17331412
17332220
17333040
17333852
17334704
17335612
17336508
17337436
17338396
17339400
17340484
17341452
17342400
17343304
17344240
17345252
17346264
17347292
17348340
17349324
17350316
17351324
17352256
17353212
17354184
17355148
17356136
17357088
17358008
17358936
17359840
17360748
17361616
17362516
17363468
17364364
17365260
17366028
17366956
17367992
17369096
17370084
17371052
17372060
17373064
17374036
17375052
17376056
17376972
17377868
17378760
17379588
17380436
17381272
17382104
17382948
17383796
17384612
17385440
17386280
17387160
17388052
17388964
17389912
17390836
17391732
17392660
17393576
17394476
17395432
17396340
17397252
17398204
17399176
17400112
17401076
17402020
17402968
17403928
17404888
17405800
17406728
17407664
17408560
17409456
17410324
17411192
17412044
17412900
17413760
17414604
17415468
17416340
17417188
17418068
17418972
17419884
17420840
17421796
17422888
17423832
17424760
17425652
17426508
17427336
17428204
17429100
17430020
17430920
17431788
17432648
17433476
17434328
17435180
17436064
17436940
17437812
17438708
17439616
17440512
17441416
17442336
17443248
17444168
17445108
17446024
17446960
17447872
17448748
17449628
17450500
17451344
17452200
17453068
17453912
17454772
17455624
17456456
17457312
17458148
17458972
17459800
17460612
17461440
17462260
17463088
17463952
17464812
17465696
17466572
17467432
17468308
17469184
17470032
17470908
17471828
17472768
17473696
17474604
17475492
17476408
17477300
17478204
17479100
17480044
17481036
17482016
17483068
17484152
17485244
17486244
17487288
17488348
17489368
17490428
17491508
17492488
17493496
17494520
17495488
17496472
17497456
17498440
17499372
17500328
17501304
17502240
17503300
17504296
17505356
17506364
17507300
17508216
17509104
17509996
17510912
17511960
17512948
17513920
17514948
17515996
17517008
17518232
17519360
17520436
17521524
17522644
17523680
17524720
17525780
17526852
17527884
17528956
17530084
17531192
17532268
17533340
17534416
17535440
17536520
17537600
17538632
17539704
17540756
17541748
17542768
17543788
17544724
17545676
17546648
17547592
17548608
17549700
17550768
17551880
17552840
17553776
17554660
17555604
17556420
17557208
17557984
17558760
17559536
17560320
17561120
17561940
17562788
17563668
17564524
17565484
17566440
17567396
17568368
17569296
17570232
17571164
17572080
17573016
17573916
17574836
17575756
17576624
17577492
17578452
17579420
17580428
17581492
17582592
17583624
17584716
17585816
17586896
17588004
17589100
17590144
17591204
17592256
17593248
17594264
17595208
17596188
17597200
17598152
17599164
17600176
17601168
17602204
17603276
17604284
17605388
17606508
17607568
17608652
17609700
17610752
17611820
17612904
17613924
17614992
17616048
17617064
17618136
17619228
17620256
17621316
17622384
17623400
17624408
17625340
17626284
17627228
17628160
17629140
17630148
17631120
17632136
17633164
17634164
17635208
17636240
17637228
17638280
17639364
17640416
17641484
17642484
17643536
17644536
17645548
17646512
17647436
17648332
17649188
17650044
17650888
17651724
17652588
17653432
17654316
17655212
17656124
17657068
17658008
17658976
17659940
17660920
17661880
17662864
17663816
17664780
17665728
17666680
17667696
17668704
17669752
17670808
17671888
17672876
17673848
17674780
17675704
17676596
17677444
17678308
17679160
17680020
17680896
17681760
17682668
17683604
17684512
17685480
17686416
17687364
17688312
17689228
17690180
17691088
17692052
17693000
17693920
17694848
17695728
17696584
17697444
17698288
17699144
17699996
17700832
17701680
17702508
17703328
17704196
17705136
17706068
17707024
17707944
17708832
17709716
17710604
17711468
17712336
17713220
17714092
17714988
17715900
17716780
17717684
17718584
17719476
17720392
17721268
17722144
17722988
17723816
17724648
17725452
17726252
17727052
17727844
17728628
17729416
17730208
17731020
17731844
17732692
17733564
17734452
17735368
17736256
17737156
17738064
17738944
17739852
17740736
17741616
17742524
17743436
17744372
17745316
17746268
17747212
17748196
17749168
17750120
17751096
17752040
17753000
17753916
17754792
17755652
17756484
17757284
17758092
17758884
17759688
17760512
17761336
17762192
17763096
17763980
17764908
17765864
17766800
17767760
17768668
17769572
17770492
17771400
17772272
17773160
17774060
17774972
17775880
17776848
17777824
17778776
17779788
17780816
17781788
17782816
17783924
17784952
17786052
17787200
17788280
17789404
17790532
17791592
17792680
17793720
17794680
17795660
17796580
17797536
17798504
17799448
17800436
17801388
17802348
17803348
17804324
17805384
17806396
17807476
17808564
17809604
17810672
17811688
17812752
17813840
17814868
17815952
17817096
17818164
17819268
17820356
17821432
17822484
17823452
17824416
17825336
17826292
17827272
17828224
17829208
17830216
17831204
17832256
17833328
17834372
17835508
17836604
17837680
17838780
17839816
17840896
17842028
17843108
17844208
17845340
17846388
17847488
17848568
17849576
17850612
17851560
17852536
17853504
17854492
17855548
17856572
17857652
17858744
17859776
17860872
17861872
17862904
17863984
17865024
17866164
17867228
17868352
17869468
17870576
17871652
17872728
17873800
17874920
17876128
17877264
17878416
17879484
17880592
17881696
17882752
17883804
17884852
17885892
17886988
17888020
17889072
17889992
17890860
17891740
17892612
17893532
17894412
17895324
17896292
17897248
17898208
17899208
17900208
17901204
17902228
17903300
17904316
17905404
17906524
17907648
17908724
17909856
17911024
17912132
17913320
17914424
17915412
17916368
17917344
17918428
17919532
17920524
17921564
17922664
17923676
17924684
17925708
17926724
17927680
17928664
17929652
17930660
17931644
17932648
17933676
17934624
17935632
17936628
17937576
17938500
17939376
17940256
17941116
17941956
17942788
17943600
17944416
17945236
17946044
17946876
17947732
17948580
17949464
17950348
17951236
17952124
17953004
17953900
17954772
17955636
17956472
17957348
17958192
17959032
17959860
17960680
17961500
17962304
17963088
17963920
17964736
17965672
17966496
17967280
17968076
17968840
17969580
17970412
17971252
17972096
17972920
17973740
17974588
17975444
17976292
17977116
17977936
17978748
17979544
17980348
17981160
17981960
17982772
17983600
17984428
17985272
17986124
17986964
17987828
17988692
17989548
17990388
17991220
17992044
17992860
17993644
17994436
17995228
17996016
17996800
17997592
17998380
17999164
17999952
18000720
18001472
18002220
18002948
18003704
18004472
18005236
18006020
18006808
18007592
18008384
18009188
18009984
18010800
18011604
18012396
18013204
18014004
18014840
18015692
18016532
18017360
18018184
18018992
18019800
18020608
18021392
18022180
18022972
18023756
18024540
18025332
18026128
18026920
18027720
18028532
18029348
18030212
18031072
18031912
18032792
18033656
18034512
18035356
18036200
18037024
18037864
18038692
18039520
18040364
18041204
18042064
18042896
18043720
18044548
18045368
18046188
18047012
18047820
18048640
18049444
18050228
18051004
18051784
18052568
18053372
18054196
18055028
18055892
18056768
18057620
18058496
18059396
18060284
18061216
18062140
18063112
18064032
18064956
18065852
18066712
18067572
18068416
18069256
18070076
18070888
18071704
18072528
18073384
18074276
18075168
18076112
18077144
18078120
18079164
18080196
18081156
18082152
18083164
18084124
18085028
18085948
18086932
18087912
18088940
18089956
18090916
18091884
18092844
18093772
18094732
18095744
18096704
18097724
18098768
18099760
18100776
18101776
18102764
18103752
18104696
18105684
18106704
18107664
18108660
18109724
18110732
18111780
18112840
18113836
18114844
18115788
18116764
18117700
18118620
18119572
18120516
18121504
18122552
18123508
18124524
18125516
18126504
18127544
18128584
18129688
18130764
18131800
18132840
18133800
18134780
18135816
18136864
18137996
18139076
18140200
18141312
18142392
18143460
18144484
18145532
18146564
18147496
18148400
18149276
18150204
18151128
18152108
18153132
18154124
18155168
18156248
18157312
18158428
18159472
18160544
18161612
18162664
18163740
18164780
18165768
18166792
18167812
18168844
18169892
18170860
18171860
18172800
18173792
18174836
18175840
18176780
18177728
18178672
18179644
18180696
18181760
18182876
18184000
18185096
18186272
18187420
18188516
18189696
18190828
18191972
18193140
18194268
18195420
18196520
18197624
18198724
18199784
18200896
18201964
18203068
18204144
18205212
18206296
18207344
18208424
18209440
18210440
18211460
18212448
18213464
18214416
18215392
18216320
18217212
18218060
18218888
18219764
18220564
18221492
18222244
18223168
18223936
18224904
18225700
18226520
18227560
18228408
18229296
18230224
18231208
18232180
18233184
18234148
18235116
18236128
18237112
18238076
18239060
18240028
18240996
18241964
18242952
18243920
18244944
18245944
18246968
18247960
18248920
18249888
18250820
18251764
18252664
18253560
18254440
18255300
18256172
18257036
18257904
18258808
18259700
18260572
18261472
18262424
18263416
18264440
18265392
18266196
18267052
18267948
18268608
18269500
18270440
18271360
18272276
18273160
18274016
18274848
18275660
18276456
18277272
18278092
18278908
18279748
18280612
18281520
18282408
18283292
18284196
18285116
18286004
18286856
18287732
18288600
18289464
18290328
18291152
18291980
18292804
18293612
18294420
18295224
18296036
18296848
18297688
18298520
18299376
18300248
18301104
18301980
18302860
18303712
18304588
18305440
18306268
18307088
18307880
18308684
18309496
18310316
18311128
18311968
18312796
18313632
18314500
18315348
18316216
18317068
18317888
18318708
18319532
18320336
18321160
18321984
18322788
18323632
18324460
18325324
18326184
18327040
18327924
18328816
18329656
18330496
18331304
18332100
18332884
18333684
18334472
18335264
18336044
18336816
18337592
18338360
18339136
18339932
18340720
18341512
18342316
18343116
18343908
18344728
18345548
18346360
18347188
18348004
18348808
18349632
18350476
18351348
18352200
18353052
18353936
18354812
18355660
18356528
18357400
18358256
18359132
18360008
18360924
18361792
18362648
18363488
18364324
18365212
18366136
18367016
18367904
18368772
18369608
18370460
18371336
18372180
18373056
18373984
18374904
18375872
18376872
18377832
18378784
18379732
18380628
18381552
18382480
18383364
18384272
18385220
18386188
18387128
18388108
18389092
18390032
18390996
18391984
18392916
18393880
18394856
18395816
18396728
18397656
18398612
18399536
18400456
18401476
18402544
18403528
18404520
18405528
18406468
18407388
18408332
18409284
18410188
18411112
18412052
18412976
18413888
18414844
18415832
18416768
18417736
18418664
18419548
18420420
18421296
18422176
18423044
18423960
18424892
18425788
18426728
18427672
18428584
18429508
18430468
18431428
18432336
18433240
18434176
18435076
18435948
18436856
18437824
18438744
18439684
18440656
18441620
18442540
18443508
18444496
18445444
18446412
18447396
18448404
18449348
18450360
18451392
18452456
18453424
18454400
18455428
18456512
18457524
18458560
18459548
18460528
18461556
18462528
18463512
18464484
18465472
18466452
18467448
18468468
18469492
18470488
18471472
18472504
18473536
18474496
18475464
18476448
18477416
18478380
18479392
18480408
18481376
18482380
18483424
18484412
18485424
18486444
18487476
18488456
18489472
18490532
18491512
18492484
18493480
18494464
18495408
18496396
18497404
18498380
18499388
18500424
18501392
18502404
18503376
18504328
18505288
18506232
18507184
18508112
18509004
18509852
18510708
18511628
18512536
18513416
18514308
18515260
18516216
18517192
18518192
18519196
18520156
18521136
18522152
18523196
18524228
18525296
18526348
18527348
18528360
18529380
18530348
18531324
18532360
18533456
18534448
18535488
18536576
18537644
18538624
18539624
18540616
18541636
18542608
18543628
18544656
18545644
18546636
18547624
18548624
18549560
18550520
18551508
18552516
18553508
18554520
18555540
18556508
18557492
18558484
18559488
18560452
18561428
18562416
18563420
18564360
18565348
18566344
18567372
18568384
18569400
18570436
18571408
18572404
18573404
18574360
18575336
18576348
18577400
18578400
18579440
18580464
18581436
18582420
18583412
18584364
18585340
18586316
18587328
18588316
18589376
18590448
18591468
18592512
18593584
18594572
18595584
18596624
18597668
18598656
18599700
18600772
18601772
18602808
18603872
18604864
18605856
18606844
18607796
18608764
18609764
18610756
18611716
18612632
18613524
18614524
18615564
18616536
18617520
18618540
18619536
18620532
18621548
18622504
18623488
18624476
18625460
18626424
18627424
18628428
18629408
18630448
18631548
18632664
18633796
18634876
18635928
18636908
18637920
18638944
18639972
18640984
18642052
18643160
18644240
18645244
18646268
18647324
18648376
18649420
18650476
18651520
18652528
18653572
18654564
18655516
18656476
18657396
18658292
18659204
18660084
18660972
18661868
18662780
18663684
18664632
18665604
18666596
18667600
18668544
18669488
18670456
18671404
18672400
18673420
18674376
18675360
18676292
18677216
18678152
18679100
18680012
18680940
18681884
18682808
18683748
18684720
18685652
18686588
18687532
18688480
18689388
18690280
18691152
18692032
18692892
18693752
18694436
18695452
18696284
18697084
18697880
18698672
18699472
18700300
18701148
18701904
18702936
18703824
18704712
18705632
18706516
18707364
18708232
18709180
18710140
18711064
18712004
18712984
18713936
18714884
18715860
18716856
18717804
18718720
18719664
18720700
18721780
18722872
18723848
18724824
18725828
18726852
18727836
18728884
18729920
18730972
18732096
18733228
18734308
18735396
18736488
18737512
18738524
18739516
18740532
18741572
18742616
18743600
18744608
18745644
18746632
18747580
18748624
18749752
18750932
18752032
18753140
18754252
18755328
18756364
18757432
18758548
18759648
18760656
18761652
18762692
18763764
18764872
18765904
18766976
18768052
18769096
18770056
18771000
18771964
18773004
18774072
18775088
18776040
18777024
18778056
18779088
18780088
18781088
18782128
18783180
18784156
18785116
18786140
18787208
18788312
18789400
18790452
18791540
18792624
18793704
18794676
18795624
18796664
18797752
18798872
18800000
18801112
18802216
18803328
18804444
18805568
18806704
18807832
18808912
18810012
18811100
18812180
18813176
18814204
18815248
18816252
18817276
18818328
18819424
18820444
18821484
18822536
18823620
18824604
18825636
18826680
18827704
18828692
18829740
18830808
18831820
18832832
18833856
18834904
18835908
18836944
18838012
18839080
18840104
18841176
18842280
18843368
18844388
18845440
18846520
18847540
18848508
18849484
18850436
18851408
18852344
18853352
18854348
18855348
18856384
18857460
18858488
18859520
18860584
18861656
18862736
18863772
18864768
18865820
18866892
18867916
18868968
18870044
18871108
18872168
18873272
18874376
18875404
18876444
18877512
18878540
18879500
18880468
18881420
18882384
18883328
18884252
18885188
18886100
18887036
18888000
18888996
18889948
18890932
18891984
18893028
18894076
18895188
18896304
18897380
18898460
18899520
18900556
18901556
18902500
18903416
18904308
18905256
18906228
18907236
18908212
18909152
18910172
18911268
18912352
18913348
18914324
18915352
18916388
18917448
18918444
18919436
18920472
18921552
18922660
18923780
18924912
18926020
18927100
18928164
18929184
18930216
18931280
18932472
18933668
18934820
18935952
18936984
18938028
18939104
18940200
18941280
18942240
18943228
18944256
18945332
18946332
18947372
18948456
18949500
18950560
18951632
18952680
18953708
18954768
18955852
18956912
18957984
18959060
18960144
18961144
18962196
18963256
18964340
18965348
18966408
18967476
18968512
18969580
18970668
18971736
18972832
18973940
18974944
18975944
18976972
18978044
18979056
18980124
18981224
18982256
18983344
18984464
18985596
18986648
18987744
18988852
18989900
18990964
18992108
18993268
18994368
18995480
18996604
18997660
18998716
18999844
19000960
19001984
19003012
19004080
19005132
19006156
19007180
19008204
19009180
19010240
19011348
19012432
19013516
19014588
19015660
19016680
19017684
19018700
19019740
19020808
19021808
19022852
19023912
19024936
19025904
19026896
19027940
19029016
19030052
19031104
19032196
19033216
19034224
19035224
19036208
19037196
19038248
19039292
19040268
19041312
19042372
19043404
19044444
19045556
19046672
19047684
19048716
19049924
19050884
19051896
19052988
19054056
19055076
19056224
19057464
19058664
19059780
19060916
19062008
19063088
19064216
19065316
19066380
19067508
19068656
19069736
19070840
19071956
19073064
19074112
19075212
19076400
19077476
19078584
19079688
19080796
19081836
19083028
19084084
19085164
19086296
19087440
19088492
19089608
19090772
19091792
19092852
19093904
19094912
19095896
19096936
19098032
19099072
19100176
19101276
19102300
19103344
19104424
19105536
19106556
19107608
19108684
19109704
19110736
19111820
19112876
19113964
19115048
19116112
19117148
19118204
19119276
19120292
19121332
19122368
19123400
19124492
19125588
19126608
19127636
19128696
19129716
19130752
19131824
19132868
19133896
19134968
19136068
19137108
19138160
19139220
19140248
19141252
19142296
19143324
19144344
19145440
19146544
19147548
19148556
19149600
19150576
19151576
19152592
19153572
19154604
19155700
19156808
19157920
19159028
19160076
19161116
19162184
19163288
19164344
19165364
19166332
19167264
19168200
19169124
19170036
19170928
19171808
19172676
19173544
19174400
19175280
19176144
19177040
19177968
19178864
19179828
19180832
19181860
19182916
19183968
19185036
19186112
19187116
19188144
19189204
19190228
19191348
19192480
19193540
19194596
19195624
19196684
19197744
19198768
19199848
19200972
19201948
19202964
19204024
19205040
19206152
19207348
19208440
19209572
19210652
19211716
19212812
19213920
19214972
19216068
19217176
19218280
19219340
19220376
19221456
19222548
19223596
19224676
19225768
19226888
19227932
19229028
19230104
19231172
19232188
19233252
19234316
19235316
19236260
19237236
19238260
19239336
19240428
19241532
19242576
19243644
19244776
19245920
19247064
19248200
19249308
19250352
19251412
19252452
19253436
19254460
19255508
19256584
19257600
19258612
19259660
19260772
19261920
19263012
19264120
19265208
19266296
19267364
19268348
19269284
19270224
19271224
19272328
19273424
19274404
19275404
19276432
19277432
19278408
19279420
19280492
19281592
19282640
19283640
19284676
19285712
19286728
19287704
19288712
19289748
19290800
19291852
19292832
19293832
19294848
19295884
19296940
19297920
19298908
19299876
19300884
19301880
19302884
19303932
19304976
19305980
19307008
19308044
19309072
19310088
19311124
19312136
19313080
19314004
19315016
19316104
19317168
19318248
19319280
19320324
19321356
19322356
19323352
19324296
19325284
19326292
19327252
19328224
19329224
19330248
19331220
19332232
19333264
19334252
19335224
19336252
19337364
19338404
19339424
19340488
19341576
19342596
19343592
19344616
19345660
19346696
19347736
19348796
19349852
19350848
19351836
19352856
19353848
19354856
19355840
19356824
19357760
19358696
19359636
19360556
19361436
19362352
19363264
19364140
19365304
19366216
19367080
19367996
19368952
19369916
19370936
19371896
19372924
19373940
19374952
19375988
19376984
19377968
19378944
19379872
19380816
19381740
19382672
19383616
19384564
19385512
19386456
19387404
19388304
19389248
19390204
19391112
19392044
19392956
19393892
19394796
19395688
19396604
19397516
19398412
19399288
19400132
19401012
19401920
19402804
19403680
19404612
19405592
19406612
19407640
19408652
19409676
19410720
19411780
19412804
19413828
19414844
19415836
19416796
19417780
19418792
19419796
19420748
19421728
19422728
19423740
19424772
19425740
19426732
19427744
19428760
19429736
19430716
19431728
19432744
19433704
19434704
19435732
19436776
19437744
19438736
19439744
19440748
19441796
19442836
19443872
19444940
19446004
19447016
19448040
19449088
19450144
19451196
19452252
19453336
19454348
19455396
19456452
19457540
19458612
19459644
19460680
19461696
19462664
19463652
19464652
19465628
19466664
19467740
19468808
19469836
19470868
19471928
19472924
19473940
19474976
19475956
19476992
19478012
19478964
19479880
19480864
19481884
19482868
19483880
19484936
19486024
19487052
19488144
19489276
19490416
19491468
19492560
19493664
19494780
19495844
19496940
19498056
19499136
19500240
19501332
19502420
19503520
19504652
19505704
19506792
19507876
19508932
19509980
19510968
19511948
19512884
19513804
19514724
19515668
19516628
19517584
19518496
19519432
19520392
19521356
19522312
19523304
19524284
19525340
19526416
19527408
19528428
19529508
19530540
19531600
19532760
19533884
19534960
19535940
19536956
19538020
19539076
19540104
19541068
19542068
19543084
19544108
19545108
19546140
19547196
19548220
19549236
19550276
19551360
19552372
19553404
19554528
19555564
19556632
19557724
19558780
19559896
19561024
19562076
19563156
19564224
19565288
19566312
19567388
19568448
19569432
19570424
19571428
19572392
19573380
19574360
19575372
19576364
19577308
19578264
19579248
19580244
19581268
19582240
19583236
19584188
19585184
19586192
19587140
19588120
19589132
19590084
19591008
19592012
19593116
19594240
19595348
19596392
19597456
19598528
19599544
19600568
19601576
19602552
19603548
19604580
19605648
19606664
19607716
19608788
19609872
19610868
19611828
19612800
19613868
19614920
19615944
19616952
19617936
19618912
19619872
19620824
19621736
19622644
19623564
19624500
19625424
19626324
19627252
19628220
19629208
19630196
19631196
19632176
19633120
19634068
19634976
19635904
19636848
19637844
19638804
19639752
19640708
19641632
19642616
19643568
19644524
19645492
19646484
19647404
19648320
19649252
19650188
19651108
19652064
19653000
19653952
19654900
19655792
19656680
19657680
19658692
19659704
19660732
19661696
19662644
19663608
19664572
19665528
19666456
19667364
19668280
19669232
19670184
19671160
19672128
19673040
19673936
19674864
19675864
19676900
19677952
19678964
19680040
19681072
19682056
19683052
19684064
19685036
19686024
19687052
19688100
19689068
19690052
19691040
19692040
19692992
19693968
19694996
19695984
19696972
19697972
19698976
19699956
19700928
19701872
19702816
19703772
19704748
19705736
19706720
19707640
19708596
19709572
19710580
19711572
19712580
19713520
19714452
19715420
19716416
19717456
19718500
19719524
19720500
19721512
19722524
19723548
19724572
19725604
19726576
19727500
19728448
19729420
19730436
19731444
19732484
19733504
19734536
19735580
19736640
19737660
19738688
19739736
19740716
19741708
19742748
19743808
19744868
19745884
19746920
19747972
19749008
19749968
19750960
19751976
19753028
19754052
19755116
19756136
19757168
19758192
19759140
19760112
19761060
19762036
19763020
19763980
19764968
19765952
19766900
19767884
19768872
19769916
19770920
19771960
19772980
19774008
19774988
19775984
19776988
19778024
19779064
19780096
19781180
19782248
19783268
19784304
19785348
19786380
19787348
19788340
19789332
19790316
19791292
19792308
19793340
19794304
19795260
19796252
19797236
19798208
19799192
19800224
19801248
19802192
19803100
19803980
19804936
19805924
19806936
19807900
19808900
19809912
19810924
19811892
19812888
19813916
19814888
19815896
19816916
19817952
19819000
19819996
19821028
19822088
19823172
19824212
19825208
19826196
19827224
19828264
19829276
19830312
19831264
19832184
19833112
19834052
19834972
19835920
19836888
19837824
19838800
19839824
19840864
19841932
19842972
19843980
19845004
19846032
19847076
19848112
19849184
19850172
19851220
19852288
19853332
19854368
19855392
19856364
19857360
19858392
19859420
19860448
19861424
19862428
19863500
19864628
19865696
19866784
19867768
19868776
19869796
19870796
19871824
19872800
19873784
19874796
19875796
19876816
19877824
19878904
19879896
19880928
19882004
19883036
19884064
19885108
19886160
19887140
19888128
19889144
19890168
19891176
19892160
19893160
19894188
19895188
19896232
19897292
19898376
19899368
19900308
19901204
19902160
19903244
19904376
19905508
19906604
19907608
19908620
19909660
19910728
19911776
19912796
19913844
19914892
19915940
19916980
19918012
19919044
19920040
19921024
19922032
19923024
19923992
19924972
19925976
19926996
19928008
19929004
19930000
19931040
19932036
19933088
19934168
19935224
19936324
19937416
19938448
19939488
19940524
19941544
19942536
19943540
19944544
19945564
19946564
19947584
19948620
19949692
19950744
19951812
19952904
19953984
19955044
19956096
19957128
19958188
19959288
19960328
19961400
19962464
19963500
19964524
19965576
19966644
19967656
19968704
19969740
19970740
19971776
19972836
19973832
19974844
19975896
19976928
19977924
19978936
19979972
19980988
19982016
19983004
19984008
19985016
19986016
19986976
19988024
19989036
19989996
19990948
19991896
19992848
19993752
19994680
19995636
19996600
19997544
19998520
19999488
20000476
20001480
20002452
20003432
20004424
20005416
20006396
20007380
20008376
20009396
20010388
20011360
20012292
20013208
20014156
20015124
20016100
20017048
20017948
20018860
20019744
20020612
20021496
20022364
20023264
20024140
20025004
20025856
20026720
20027588
20028468
20029332
20030188
20031040
20031880
20032692
20033496
20034288
20035072
20035840
20036584
20037324
20038044
20038764
20039480
20040192
20040892
20041596
20042308
20043020
20043748
20044488
20045228
20045984
20046760
20047548
20048316
20049088
20049860
20050616
20051372
20052116
20052844
20053580
20054308
20055032
20055748
20056456
20057168
20057876
20058592
20059312
20060028
20060764
20061524
20062296
20063088
20063924
20064732
20065552
20066372
20067168
20067960
20068736
20069492
20070240
20070980
20071708
20072428
20073144
20073844
20074536
20075232
20075920
20076600
20077284
20077956
20078620
20079296
20079972
20080636
20081304
20081976
20082656
20083336
20084028
20084720
20085404
20086100
20086812
20087520
20088232
20088948
20089652
20090352
20091056
20091760
20092468
20093164
20093864
20094556
20095240
20095924
20096608
20097280
20097948
20098632
20099324
20100024
20100728
20101432
20102140
20102856
20103580
20104304
20105016
20105736
20106448
20107164
20107908
20108576
20109276
20109984
20110688
20111396
20112108
20112836
20113564
20114300
20115036
20115776
20116500
20117248
20117988
20118736
20119488
20120248
20121008
20121792
20122588
20123408
20124240
20125068
20125892
20126716
20127528
20128324
20129104
20129872
20130628
20131408
20132232
20133044
20133856
20134644
20135436
20136228
20137004
20137768
20138508
20139252
20139992
20140732
20141464
20142204
20142956
20143740
20144540
20145348
20146168
20146984
20147816
20148624
20149424
20150212
20150988
20151776
20152564
20153368
20154212
20155080
20156040
20156984
20157916
20158860
20159776
20160676
20161556
20162440
20163276
20164100
20164904
20165696
20166500
20167332
20168152
20168996
20169840
20170680
20171564
20172448
20173340
20174280
20175160
20176072
20176968
20177852
20178704
20179548
20180380
20181192
20181996
20182808
20183608
20184400
20185220
20186008
20186800
20187628
20188472
20189368
20190312
20191236
20192324
20193276
20194244
20195172
20196356
20197468
20198664
20199888
20201036
20202104
20203204
20204344
20205452
20206592
20207744
20208800
20209888
20211028
20212100
20213220
20214328
20215344
20216392
20217488
20218540
20219664
20220792
20221856
20222956
20224060
20225068
20226120
20227212
20228232
20229272
20230368
20231348
20232388
20233464
20234436
20235488
20236604
20237612
20238680
20239788
20240832
20241952
20243048
20244100
20245256
20246416
20247488
20248628
20249700
20250784
20251904
20252964
20254088
20255248
20256316
20257440
20258496
20259652
20260812
20261884
20262988
20264120
20265168
20266272
20267388
20268424
20269528
20270636
20271736
20272908
20274032
20275112
20276292
20277476
20278528
20279628
20280628
20281644
20282572
20283460
20284440
20285476
20286492
20287544
20288532
20289464
20290448
20291460
20292592
20293748
20294876
20296084
20297168
20298284
20299448
20300592
20301792
20302912
20303984
20305076
20306144
20307176
20308308
20309452
20310588
20311748
20312900
20314048
20315144
20316244
20317240
20318180
20319100
20319996
20320864
20321692
20322516
20323324
20324104
20324892
20325684
20326476
20327256
20328040
20328836
20329636
20330448
20331264
20332104
20333012
20333944
20334876
20335876
20336912
20337876
20338908
20339964
20340964
20341992
20343012
20344048
20345140
20346188
20347300
20348300
20349260
20350196
20351188
20352184
20353288
20354300
20355312
20356384
20357404
20358456
20359660
20360936
20362116
20363304
20364496
20365616
20366660
20367692
20368648
20369648
20370616
20371600
20372616
20373632
20374644
20375612
20376560
20377508
20378412
20379272
20380168
20381092
20382004
20382904
20383800
20384716
20385620
20386488
20387348
20388188
20389048
20389972
20390940
20391912
20392852
20393760
20394660
20395536
20396400
20397348
20398384
20399396
20400336
20401268
20402224
20403140
20404060
20404944
20405836
20406704
20407584
20408492
20409444
20410392
20411304
20412220
20413208
20414176
20415192
20416228
20417184
20418100
20419000
20419892
20420808
20421700
20422564
20423472
20424348
20425228
20426164
20427168
20428080
20428984
20429900
20430788
20431648
20432488
20433332
20434184
20435032
20435872
20436784
20437724
20438672
20439636
20440580
20441480
20442356
20443212
20444076
20444960
20445868
20446756
20447628
20448520
20449388
20450264
20451160
20452048
20452924
20453824
20454688
20455560
20456436
20457328
20458256
20459188
20460080
20460972
20461904
20462848
20463776
20464676
20465564
20466448
20467348
20468216
20469076
20469948
20470836
20471744
20472652
20473552
20474452
20475304
20476144
20476992
20477828
20478680
20479676
20480628
20481532
20482416
20483296
20484168
20485020
20485900
20486812
20487680
20488540
20489404
20490296
20491180
20492048
20492984
20493936
20494864
20495796
20496684
20497572
20498484
20499384
20500264
20501116
20501960
20502816
20503672
20504544
20505436
20506316
20507220
20508120
20508992
20509852
20510680
20511496
20512336
20513176
20514028
20514924
20515868
20516792
20517724
20518668
20519616
20520544
20521432
20522296
20523192
20524100
20524972
20525840
20526700
20527564
20528416
20529288
20530188
20531092
20532012
20532932
20533836
20534728
20535616
20536484
20537332
20538196
20539060
20539940
20540820
20541668
20542532
20543404
20544260
20545100
20545948
20546836
20547704
20548548
20549420
20550300
20551200
20552124
20552988
20553840
20554692
20555520
20556352
20557184
20558052
20558984
20559936
20560900
20561832
20562752
20563688
20564604
20565520
20566440
20567316
20568180
20569048
20569924
20570820
20571696
20572568
20573444
20574316
20575216
20576128
20577036
20577944
20578828
20579736
20580632
20581488
20582344
20583172
20584000
20584832
20585660
20586500
20587344
20588260
20589164
20590040
20590916
20591844
20592732
20593612
20594464
20595312
20596176
20597024
20597872
20598752
20599604
20600452
20601288
20602128
20602964
20603796
20604620
20605468
20606324
20607164
20608024
20608884
20609764
20610648
20611520
20612364
20613184
20613984
20614788
20615588
20616384
20617192
20618036
20618896
20619768
20620600
20621424
20622244
20623048
20623860
20624676
20625484
20626284
20627120
20627984
20628904
20629844
20630804
20631704
20632584
20633452
20634320
20635176
20636040
20636892
20637748
20638660
20639532
20640396
20641276
20642136
20643020
20643912
20644808
20645688
20646584
20647512
20648440
20649368
20650320
20651224
20652104
20652960
20653800
20654656
20655516
20656364
20657216
20658052
20658880
20659740
20660600
20661476
20662344
20663212
20664068
20664912
20665792
20666700
20667596
20668468
20669320
20670204
20671112
20672016
20672884
20673756
20674600
20675468
20676384
20677292
20678204
20679120
20680052
20680992
20681876
20682764
20683632
20684496
20685364
20686216
20687148
20688112
20689072
20690020
20690916
20691796
20692660
20693524
20694396
20695264
20696112
20696988
20697880
20698792
20699724
20700668
20701584
20702464
20703324
20704172
20705000
20705804
20706592
20707372
20708152
20708936
20709700
20710456
20711204
20711952
20712696
20713448
20714184
20714924
20715668
20716412
20717140
20717872
20718640
20719416
20720216
20721048
20721880
20722712
20723560
20724396
20725228
20726040
20726844
20727652
20728440
20729244
20730080
20730908
20731732
20732572
20733412
20734272
20735132
20735992
20736828
20737664
20738488
20739316
20740132
20740972
20741808
20742632
20743456
20744312
20745164
20746016
20746888
20747736
20748612
20749508
20750404
20751284
20752160
20753044
20753892
20754716
20755556
20756424
20757312
20758188
20759032
20759904
20760760
20761604
20762444
20763284
20764124
20764956
20765772
20766584
20767392
20768188
20768984
20769784
20770576
20771376
20772216
20773068
20773928
20774820
20775664
20776504
20777320
20778112
20778892
20779656
20780400
20781156
20781900
20782636
20783372
20784128
20784880
20785652
20786448
20787252
20788048
20788860
20789672
20790484
20791296
20792084
20792904
20793708
20794504
20795296
20796088
20796888
20797704
20798512
20799316
20800116
20800912
20801740
20802588
20803432
20804256
20805084
20805896
20806700
20807508
20808324
20809164
20810024
20810880
20811728
20812588
20813448
20814312
20815200
20816128
20817064
20817980
20818900
20819816
20820728
20821664
20822592
20823532
20824420
20825284
20826148
20826992
20827808
20828636
20829496
20830336
20831160
20831988
20832832
20833716
20834624
20835528
20836432
20837344
20838260
20839164
20840048
20840896
20841776
20842660
20843532
20844376
20845200
20846048
20846912
20847772
20848628
20849476
20850300
20851116
20851948
20852820
20853764
20854716
20855632
20856608
20857580
20858568
20859544
20860504
20861456
20862388
20863264
20864140
20865024
20865936
20866876
20867816
20868724
20869596
20870476
20871340
20872196
20873064
20873936
20874812
20875696
20876556
20877404
20878260
20879180
20880128
20881072
20882036
20883088
20884016
20884884
20885724
20886568
20887412
20888264
20889160
20890056
20890968
20891876
20892788
20893696
20894572
20895464
20896392
20897344
20898344
20899364
20900320
20901256
20902212
20903176
20904076
20904960
20905836
20906724
20907616
20908488
20909376
20910252
20911124
20912048
20912936
20913808
20914680
20915580
20916492
20917400
20918264
20919120
20919964
20920796
20921680
20922620
20923572
20924504
20925400
20926280
20927144
20928016
20928912
20929800
20930700
20931612
20932508
20933424
20934344
20935256
20936136
20937024
20937940
20938804
20939660
20940512
20941356
20942200
20943044
20943868
20944692
20945524
20946344
20947192
20948060
20948932
20949800
20950660
20951516
20952364
20953204
20954064
20954920
20955752
20956568
20957388
20958208
20959040
20959872
20960708
20961620
20962508
20963388
20964284
20965160
20966048
20966916
20967768
20968600
20969428
20970268
20971108
20971924
20972744
20973556
20974356
20975188
20976012
20976852
20977732
20978616
20979472
20980336
20981200
20982048
20982876
20983684
20984468
20985244
20985984
20986720
20987444
20988160
20988864
20989564
20990260
20990960
20991656
20992352
20993048
20993744
20994444
20995172
20995892
20996644
20997424
20998220
20999064
20999928
21000788
21001656
21002516
21003352
21004172
21004976
21005780
21006564
21007364
21008180
21008976
21009784
21010604
21011412
21012204
21012980
21013740
21014488
21015240
21015988
21016732
21017476
21018232
21018972
21019720
21020460
21021204
21021960
21022728
21023504
21024292
21025076
21025868
21026668
21027460
21028248
21029032
21029820
21030596
21031384
21032160
21032928
21033688
21034452
21035224
21036004
21036788
21037564
21038340
21039116
21039880
21040636
21041384
21042108
21042840
21043572
21044300
21045020
21045752
21046480
21047220
21047984
21048764
21049544
21050348
21051140
21051928
21052712
21053476
21054240
21055012
21055780
21056552
21057332
21058132
21058908
21059680
21060448
21061196
21061948
21062692
21063436
21064152
21064904
21065632
21066372
21067104
21067832
21068552
21069276
21069992
21070712
21071452
21072180
21072924
21073668
21074416
21075172
21075940
21076708
21077472
21078244
21079024
21079792
21080572
21081352
21082108
21082884
21083664
21084440
21085224
21085992
21086748
21087504
21088256
21088996
21089728
21090456
21091176
21091900
21092620
21093324
21094016
21094724
21095448
21096172
21096924
21097684
21098440
21099200
21099964
21100716
21101460
21102196
21102928
21103672
21104420
21105172
21105916
21106668
21107432
21108212
21109020
21109812
21110620
21111580
21112384
21113176
21113948
21114720
21115500
21116300
21117084
21117888
21118696
21119492
21120304
21121092
21121876
21122652
21123412
21124172
21124960
21125732
21126528
21127344
21128172
21128984
21129816
21130616
21131404
21132208
21133016
21133812
21134620
21135432
21136256
21137088
21137896
21138708
21139508
21140284
21141212
21141980
21142720
21143464
21144180
21145044
21145780
21146500
21147216
21147940
21148664
21149396
21150148
21150908
21151680
21152452
21153204
21153968
21154728
21155476
21156240
21156992
21157728
21158468
21159192
21159904
21160608
21161312
21162024
21162716
21163432
21164144
21164864
21165596
21166324
21167052
21167796
21168548
21169316
21170064
21170828
21171592
21172344
21173100
21173832
21174564
21175284
21175996
21176704
21177468
21178240
21179024
21179820
21180620
21181400
21182172
21182952
21183720
21184500
21185308
21186108
21186956
21187820
21188692
21189600
21190516
21191412
21192288
21193112
21193908
21194704
21195508
21196340
21197188
21198036
21198924
21199820
21200700
21201560
21202424
21203292
21204156
21205000
21205832
21206660
21207496
21208344
21209200
21210060
21210944
21211792
21212632
21213468
21214292
21215124
21215948
21216800
21217660
21218496
21219348
21220184
21220996
21221800
21222600
21223392
21224208
21225012
21225796
21226580
21227396
21228236
21229116
21229968
21230828
21231724
21232668
21233604
21234544
21235452
21236324
21237192
21238068
21239012
21239988
21240932
21241840
21242764
21243680
21244592
21245576
21246572
21247516
21248452
21249372
21250260
21251156
21252024
21252916
21253780
21254628
21255476
21256316
21257224
21258132
21259032
21259952
21260824
21261680
21262564
21263428
21264296
21265164
21266040
21266924
21267808
21268684
21269500
21270376
21271292
21272208
21273096
21274016
21274932
21275880
21276828
21277768
21278692
21279604
21280512
21281428
21282332
21283188
21284060
21284936
21285836
21286752
21287648
21288528
21289388
21290244
21291072
21291888
21292708
21293512
21294336
21295180
21296016
21296880
21297756
21298632
21299476
21300304
21301128
21301976
21302804
21303656
21304544
21305404
21306292
21307212
21308108
21309008
21309916
21310800
21311712
21312588
21313480
21314396
21315280
21316168
21317064
21317984
21318904
21319764
21320608
21321436
21322288
21323180
21324084
21324964
21325876
21326792
21327696
21328612
21329516
21330380
21331232
21332112
21332972
21333820
21334684
21335572
21336460
21337372
21338284
21339192
21340072
21340928
21341756
21342556
21343340
21344112
21344868
21345612
21346348
21347076
21347812
21348560
21349332
21350112
21350908
21351720
21352520
21353340
21354180
21355028
21355864
21356712
21357568
21358416
21359264
21360104
21360940
21361772
21362596
21363416
21364236
21365084
21365924
21366768
21367612
21368452
21369300
21370172
21371032
21371888
21372740
21373588
21374424
21375248
21376044
21376852
21377648
21378440
21379228
21380024
21380816
21381628
21382432
21383216
21384004
21384780
21385560
21386340
21387116
21387896
21388700
21389500
21390292
21391088
21391880
21392684
21393496
21394300
21395092
21395892
21396672
21397452
21398240
21399040
21399824
21400628
21401452
21402276
21403136
21404000
21404848
21405740
21406636
21407524
21408432
21409340
21410276
21411176
21412080
21412992
21413932
21414892
21415852
21416808
21417716
21418624
21419516
21420384
21421236
21422088
21422916
21423724
21424528
21425332
21426164
21426984
21427784
21428592
21429384
21430200
21431036
21431852
21432704
21433556
21434380
21435208
21436032
21436828
21437628
21438440
21439256
21440076
21440916
21441768
21442632
21443536
21444432
21445312
21446172
21447036
21447868
21448700
21449560
21450432
21451324
21452184
21453056
21453944
21454804
21455680
21456576
21457448
21458348
21459268
21460180
21461060
21461928
21462800
21463700
21464568
21465420
21466272
21467128
21467988
21468864
21469696
21470556
21471444
21472344
21473268
21474196
21475128
21476032
21476888
21477732
21478572
21479448
21480364
21481284
21482188
21483104
21484024
21484932
21485832
21486740
21487648
21488500
21489360
21490232
21491152
21492092
21493048
21493952
21494872
21495796
21496724
21497644
21498524
21499392
21500228
21501056
21501908
21502772
21503672
21504560
21505472
21506412
21507328
21508260
21509172
21510084
21511012
21511912
21512792
21513656
21514508
21515420
21516332
21517268
21518216
21519168
21520084
21520996
21521920
21522840
21523708
21524596
21525496
21526376
21527288
21528208
21529136
21530052
21530968
21531876
21532744
21533632
21534556
21535476
21536372
21537272
21538180
21539072
21539960
21540860
21541784
21542664
21543556
21544468
21545356
21546248
21547132
21548004
21548876
21549752
21550664
21551544
21552444
21553344
21554204
21555084
21555968
21556832
21557720
21558604
21559504
21560412
21561312
21562200
21563096
21563996
21564880
21565764
21566632
21567500
21568352
21569192
21570040
21570904
21571768
21572616
21573480
21574380
21575304
21576216
21577140
21578056
21578936
21579796
21580628
21581464
21582276
21583084
21583896
21584768
21585684
21586568
21587468
21588384
21589280
21590220
21591156
21592080
21592976
21593872
21594788
21595668
21596568
21597488
21598396
21599292
21600180
21601064
21601920
21602784
21603688
21604612
21605496
21606400
21607284
21608128
21608976
21609856
21610740
21611668
21612584
21613512
21614428
21615332
21616248
21617136
21618028
21618932
21619844
21620744
21621648
21622556
21623488
21624428
21625356
21626252
21627156
21628060
21628924
21629776
21630608
21631476
21632400
21633344
21634316
21635296
21636264
21637212
21638152
21639080
21640004
21640884
21641776
21642672
21643536
21644424
21645320
21646216
21647092
21647960
21648840
21649708
21650544
21651372
21652192
21653016
21653852
21654668
21655500
21656320
21657140
21657964
21658776
21659612
21660468
21661328
21662200
21663048
21663904
21664772
21665644
21666516
21667408
21668300
21669152
21669992
21670824
21671708
21672616
21673532
21674460
21675356
21676248
21677148
21678048
21678940
21679816
21680684
21681568
21682456
21683344
21684224
21685100
21685988
21686852
21687688
21688540
21689400
21690272
21691168
21692048
21692916
21693776
21694624
21695464
21696288
21697108
21697940
21698780
21699620
21700460
21701284
21702088
21702888
21703680
21704476
21705276
21706092
21706956
21707828
21708700
21709560
21710428
21711288
21712168
21713060
21713940
21714836
21715728
21716628
21717508
21718400
21719300
21720184
21721068
21721960
21722852
21723748
21724636
21725496
21726336
21727172
21728032
21728924
21729788
21730664
21731540
21732388
21733256
21734160
21735080
21735996
21736916
21737848
21738736
21739584
21740432
21741328
21742224
21743140
21744084
21745024
21745984
21746972
21747892
21748832
21749792
21750764
21751712
21752632
21753564
21754500
21755424
21756344
21757276
21758208
21759160
21760076
21761000
21761936
21762880
21763832
21764784
21765740
21766696
21767612
21768548
21769428
21770332
21771264
21772180
21773068
21773960
21774832
21775696
21776584
21777516
21778464
21779424
21780384
21781344
21782292
21783208
21784104
21785012
21785908
21786796
21787664
21788464
21789280
21790084
21790868
21791636
21792408
21793196
21794004
21794808
21795596
21796400
21797228
21798096
21798960
21799812
21800708
21801692
21802696
21803660
21804644
21805620
21806588
21807504
21808460
21809408
21810324
21811284
21812252
21813192
21814128
21815184
21816192
21817184
21818124
21819084
21820064
21821044
21822068
21823036
21824044
21825052
21826056
21827064
21828068
21829072
21830052
21830992
21831944
21832912
21833900
21834828
21835720
21836604
21837484
21838368
21839256
21840148
21841072
21841996
21842916
21843820
21844696
21845576
21846464
21847392
21848312
21849196
21850092
21850980
21851896
21852792
21853708
21854612
21855516
21856452
21857420
21858356
21859316
21860276
21861220
21862168
21863100
21864040
21864944
21865824
21866720
21867616
21868488
21869356
21870232
21871140
21872028
21872928
21873848
21874760
21875676
21876584
21877468
21878348
21879244
21880160
21881072
21881972
21882864
21883764
21884676
21885568
21886476
21887432
21888376
21889308
21890220
21891120
21891996
21892848
21893692
21894536
21895356
21896164
21896984
21897836
21898708
21899572
21900408
21901260
21902124
21902972
21903844
21904728
21905596
21906484
21907392
21908328
21909256
21910176
21911092
21911988
21912864
21913716
21914532
21915364
21916196
21917004
21917824
21918696
21919624
21920584
21921548
21922516
21923480
21924436
21925352
21926260
21927168
21928028
21928880
21929732
21930568
21931408
21932272
21933180
21934132
21935100
21936064
21937004
21937916
21938828
21939712
21940588
21941460
21942328
21943200
21944068
21944912
21945764
21946632
21947496
21948368
21949228
21950084
21950928
21951768
21952612
21953468
21954332
21955204
21956088
21956948
21957828
21958680
21959548
21960436
21961324
21962228
21963128
21963996
21964872
21965724
21966596
21967496
21968384
21969264
21970124
21970972
21971808
21972640
21973488
21974356
21975244
21976180
21977120
21978048
21978964
21979848
21980724
21981592
21982464
21983340
21984184
21985020
21985876
21986748
21987636
21988548
21989480
21990416
21991312
21992212
21993124
21994028
21994924
21995796
21996640
21997496
21998400
21999340
22000320
22001296
22002276
22003216
22004128
22005060
22005984
22006888
22007788
22008708
22009632
22010512
22011392
22012280
22013156
22014020
22014904
22015808
22016724
22017656
22018588
22019512
22020440
22021388
22022336
22023312
22024304
22025296
22026264
22027240
22028248
22029264
22030292
22031300
22032236
22033156
22034072
22035008
22035956
22036924
22037876
22038816
22039744
22040608
22041460
22042312
22043180
22044116
22045076
22046036
22046984
22047928
22048888
22049804
22050724
22051644
22052528
22053436
22054360
22055308
22056268
22057168
22058080
22059000
22059884
22060804
22061708
22062592
22063496
22064416
22065328
22066256
22067188
22068092
22068996
22069904
22070784
22071636
22072472
22073292
22074096
22074952
22075848
22076736
22077640
22078552
22079468
22080376
22081288
22082204
22083096
22084012
22084920
22085816
22086736
22087656
22088632
22089560
22090476
22091348
22092216
22093108
22094016
22094924
22095812
22096700
22097600
22098472
22099360
22100264
22101208
22102112
22103000
22103884
22104788
22105680
22106588
22107472
22108360
22109232
22110068
22110916
22111772
22112608
22113468
22114344
22115220
22116140
22117056
22117984
22118892
22119816
22120716
22121616
22122516
22123408
22124292
22125172
22126072
22126976
22127904
22128828
22129764
22130692
22131608
22132528
22133416
22134316
22135216
22136104
22137000
22137908
22138808
22139692
22140588
22141500
22142368
22143320
22144240
22145108
22145984
22146872
22147752
22148652
22149540
22150420
22151324
22152232
22153120
22154000
22154892
22155772
22156640
22157512
22158368
22159240
22160132
22161020
22161884
22162784
22163688
22164552
22165432
22166308
22167184
22168068
22168964
22169848
22170740
22171632
22172504
22173392
22174300
22175192
22176092
22177008
22177888
22178796
22179660
22180528
22181448
22182364
22183260
22184128
22184984
22185832
22186660
22187504
22188392
22189268
22190156
22191076
22191996
22192916
22193836
22194760
22195688
22196588
22197496
22198380
22199248
22200104
22200964
22201836
22202688
22203556
22204444
22205328
22206192
22207076
22207952
22208832
22209708
22210548
22211404
22212264
22213104
22213952
22214816
22215688
22216548
22217416
22218292
22219140
22219972
22220836
22221720
22222620
22223508
22224396
22225256
22226112
22226960
22227804
22228632
22229440
22230240
22231028
22231836
22232720
22233612
22234504
22235396
22236304
22237244
22238176
22239148
22240148
22241168
22242196
22243204
22244172
22245156
22246136
22247120
22248092
22249072
22250056
22251024
22251992
22252900
22253820
22254740
22255680
22256624
22257540
22258492
22259444
22260408
22261332
22262272
22263236
22264204
22265160
22266072
22266992
22267932
22268832
22269744
22270680
22271600
22272496
22273392
22274300
22275188
22276104
22277028
22277956
22278896
22279832
22280768
22281712
22282656
22283564
22284476
22285404
22286300
22287200
22288100
22289004
22289912
22290796
22291688
22292588
22293484
22294392
22295296
22296176
22297048
22297940
22298852
22299760
22300672
22301556
22302428
22303316
22304212
22305132
22306004
22306864
22307748
22308636
22309504
22310404
22311316
22312244
22313184
22314100
22314996
22315888
22316788
22317708
22318604
22319476
22320316
22321140
22321988
22322852
22323716
22324560
22325416
22326292
22327192
22328108
22329028
22329964
22330900
22331828
22332744
22333640
22334536
22335432
22336348
22337248
22338152
22339052
22339964
22340884
22341772
22342668
22343576
22344480
22345380
22346272
22347172
22348048
22348916
22349808
22350712
22351600
22352508
22353412
22354336
22355244
22356136
22357032
22357928
22358812
22359680
22360508
22361348
22362196
22363028
22363884
22364776
22365688
22366608
22367516
22368424
22369332
22370204
22371064
22371924
22372796
22373688
22374568
22375436
22376312
22377180
22378076
22378992
22379936
22380896
22381840
22382752
22383624
22384472
22385316
22386136
22386944
22387748
22388536
22389336
22390152
22390996
22391844
22392728
22393644
22394588
22395516
22396424
22397364
22398312
22399272
22400240
22401184
22402096
22403004
22403972
22404840
22405664
22406480
22407280
22408076
22408860
22409640
22410436
22411224
22412004
22412804
22413624
22414492
22415380
22416256
22417168
22418108
22419076
22420000
22420936
22421884
22422824
22423720
22424636
22425540
22426416
22427280
22428116
22428976
22429864
22430760
22431652
22432528
22433380
22434244
22435092
22435932
22436784
22437652
22438500
22439344
22440196
22441076
22441956
22442860
22443780
22444676
22445584
22446488
22447360
22448252
22449136
22450036
22450928
22451808
22452676
22453556
22454440
22455332
22456212
22457080
22457952
22458796
22459640
22460480
22461316
22462192
22463108
22464008
22464912
22465816
22466692
22467552
22468384
22469224
22470060
22470908
22471748
22472592
22473432
22474268
22475096
22475916
22476728
22477532
22478336
22479128
22479920
22480732
22481540
22482352
22483192
22484076
22485020
22485960
22486896
22487796
22488708
22489580
22490456
22491352
22492288
22493184
22494100
22495064
22496044
22497032
22497956
22498896
22499824
22500692
22501552
22502484
22503420
22504400
22505384
22506360
22507340
22508308
22509224
22510256
22511184
22512124
22512996
22513812
22514628
22515464
22516384
22517440
22518444
22519428
22520392
22521336
22522244
22523128
22524024
22524924
22525796
22526712
22527592
22528480
22529404
22530336
22531288
22532236
22533132
22534052
22534956
22535824
22536692
22537584
22538496
22539356
22540204
22541028
22541844
22542656
22543472
22544264
22545060
22545852
22546648
22547464
22548296
22549120
22549988
22550884
22551768
22552684
22553620
22554564
22555516
22556464
22557372
22558288
22559208
22560096
22560952
22561800
22562636
22563500
22564400
22565288
22566168
22567120
22568132
22569164
22570192
22571188
22572196
22573204
22574232
22575264
22576280
22577276
22578232
22579248
22580232
22581208
22582172
22583112
22584084
22585060
22586044
22587024
22588008
22588968
22589892
22590824
22591768
22592720
22593604
22594488
22595340
22596256
22597092
22597940
22598892
22599892
22600916
22601932
22602936
22603924
22604856
22605748
22606652
22607524
22608420
22609348
22610324
22611316
22612256
22613220
22614180
22615136
22616088
22617020
22617936
22618808
22619700
22620604
22621520
22622464
22623396
22624364
22625328
22626260
22627204
22628136
22629084
22629996
22630932
22631892
22632860
22633768
22634696
22635636
22636588
22637528
22638516
22639504
22640452
22641412
22642304
22643184
22644040
22644896
22645792
22646712
22647616
22648484
22649340
22650200
22651072
22651992
22652944
22653864
22654812
22655776
22656720
22657676
22658640
22659568
22660492
22661372
22662268
22663132
22664020
22664900
22665740
22666576
22667400
22668220
22669056
22669952
22670892
22671852
22672760
22673692
22674660
22675632
22676596
22677540
22678492
22679428
22680372
22681308
22682220
22683132
22684016
22684920
22685868
22686800
22687732
22688636
22689520
22690400
22691256
22692112
22692956
22693792
22694632
22695500
22696400
22697288
22698148
22699008
22699880
22700748
22701616
22702476
22703328
22704168
22704976
22705800
22706596
22707404
22708208
22709020
22709824
22710620
22711420
22712224
22713028
22713852
22714700
22715560
22716432
22717288
22718128
22718968
22719836
22720720
22721632
22722548
22723448
22724348
22725252
22726140
22727012
22727884
22728732
22729572
22730408
22731232
22732056
22732876
22733700
22734564
22735376
22736212
22737052
22737876
22738732
22739528
22740356
22741200
22742056
22742896
22743728
22744560
22745372
22746188
22747016
22747848
22748700
22749532
22750364
22751200
22752016
22752852
22753716
22754632
22755548
22756492
22757428
22758356
22759248
22760132
22761016
22761880
22762768
22763648
22764528
22765400
22766252
22767116
22767992
22768840
22769672
22770500
22771320
22772152
22773000
22773856
22774700
22775540
22776388
22777244
22778092
22778952
22779820
22780692
22781564
22782432
22783288
22784152
22785000
22785868
22786740
22787572
22788400
22789236
22790088
22790944
22791796
22792636
22793476
22794292
22795104
22795916
22796748
22797636
22798564
22799460
22800376
22801268
22802124
22802968
22803812
22804676
22805512
22806352
22807204
22808056
22808900
22809764
22810628
22811480
22812368
22813280
22814212
22815108
22816016
22816936
22817852
22818740
22819624
22820496
22821360
22822244
22823096
22823968
22824836
22825704
22826576
22827460
22828340
22829224
22830084
22830944
22831768
22832604
22833476
22834316
22835168
22836028
22836904
22837760
22838604
22839464
22840392
22841320
22842256
22843152
22844016
22844860
22845668
22846460
22847248
22848036
22848860
22849752
22850660
22851584
22852544
22853508
22854460
22855352
22856240
22857120
22857972
22858820
22859640
22860452
22861280
22862088
22862884
22863684
22864520
22865424
22866292
22867180
22868088
22869000
22869912
22870808
22871692
22872572
22873424
22874272
22875100
22875916
22876712
22877544
22878392
22879256
22880124
22880988
22881864
22882740
22883616
22884492
22885356
22886196
22887056
22887928
22888812
22889744
22890712
22891688
22892652
22893624
22894588
22895516
22896432
22897328
22898180
22899040
22899916
22900816
22901696
22902624
22903544
22904468
22905412
22906348
22907244
22908124
22908996
22909896
22910816
22911736
22912628
22913504
22914360
22915220
22916076
22916936
22917812
22918680
22919532
22920384
22921240
22922112
22922976
22923824
22924692
22925544
22926416
22927308
22928188
22929064
22929948
22930836
22931712
22932576
22933428
22934260
22935080
22935904
22936760
22937616
22938496
22939364
22940228
22941092
22941928
22942740
22943544
22944344
22945176
22946028
22946868
22947728
22948580
22949432
22950284
22951104
22951928
22952772
22953612
22954456
22955292
22956104
22956904
22957700
22958476
22959264
22960056
22960848
22961664
22962528
22963396
22964260
22965116
22965964
22966808
22967648
22968480
22969300
22970124
22970956
22971788
22972612
22973468
22974352
22975224
22976088
22976932
22977776
22978620
22979460
22980304
22981152
22981996
22982864
22983720
22984568
22985412
22986240
22987060
22987864
22988660
22989452
22990248
22991048
22991852
22992660
22993464
22994288
22995144
22995996
22996884
22997772
22998676
22999652
23000604
23001556
23002488
23003400
23004276
23005152
23006036
23006908
23007796
23008688
23009592
23010492
23011412
23012384
23013328
23014276
23015224
23016172
23017088
23018028
23018980
23019900
23020852
23021804
23022772
23023712
23024648
23025592
23026480
23027360
23028244
23029104
23029956
23030792
23031648
23032560
23033448
23034412
23035384
23036336
23037308
23038256
23039196
23040136
23041076
23042028
23042976
23043872
23044780
23045680
23046596
23047504
23048444
23049372
23050272
23051200
23052124
23053048
23053932
23054824
23055724
23056588
23057432
23058300
23059196
23060096
23060968
23061880
23062808
23063752
23064624
23065496
23066340
23067180
23068036
23068932
23069880
23070848
23071784
23072720
23073660
23074600
23075500
23076424
23077356
23078296
23079232
23080172
23081128
23082088
23083040
23083964
23084888
23085820
23086752
23087664
23088600
23089528
23090432
23091328
23092236
23093104
23093976
23094828
23095692
23096568
23097468
23098332
23099220
23100124
23100992
23101888
23102800
23103664
23104536
23105424
23106316
23107188
23108076
23108972
23109880
23110780
23111692
23112580
23113436
23114304
23115192
23116096
23116996
23117908
23118816
23119692
23120548
23121408
23122264
23123160
23124052
23124928
23125812
23126712
23127584
23128484
23129384
23130300
23131208
23132132
23133088
23134028
23134928
23135848
23136764
23137644
23138504
23139360
23140220
23141060
23141872
23142680
23143484
23144328
23145212
23146056
23146944
23147844
23148748
23149664
23150580
23151484
23152356
23153216
23154080
23154972
23155848
23156696
23157568
23158460
23159384
23160312
23161224
23162132
23163036
23163928
23164796
23165684
23166544
23167408
23168320
23169264
23170176
23171124
23172080
23173000
23173912
23174840
23175788
23176692
23177608
23178520
23179400
23180304
23181236
23182116
23183016
23183956
23184904
23185800
23186724
23187664
23188600
23189508
23190436
23191380
23192324
23193244
23194132
23195020
23195916
23196816
23197708
23198612
23199532
23200456
23201408
23202320
23203252
23204168
23205092
23206000
23206900
23207804
23208712
23209604
23210504
23211404
23212316
23213200
23214084
23214976
23215860
23216712
23217592
23218428
23219288
23220204
23221152
23222088
23222956
23223812
23224664
23225480
23226292
23227132
23228020
23228916
23229784
23230660
23231536
23232404
23233288
23234200
23235072
23235996
23236928
23237908
23238856
23239792
23240752
23241720
23242688
23243636
23244568
23245456
23246356
23247244
23248152
23249056
23249980
23250892
23251772
23252644
23253516
23254396
23255296
23256176
23257060
23257932
23258808
23259676
23260572
23261504
23262424
23263364
23264332
23265296
23266272
23267176
23268092
23269016
23269872
23270724
23271584
23272464
23273372
23274288
23275200
23276092
23276952
23277800
23278636
23279464
23280300
23281176
23282032
23282900
23283760
23284616
23285468
23286320
23287164
23288008
23288828
23289668
23290540
23291420
23292296
23293160
23294004
23294844
23295660
23296468
23297280
23298092
23298920
23299768
23300624
23301488
23302348
23303188
23304016
23304860
23305696
23306532
23307368
23308252
23309156
23310052
23310916
23311776
23312616
23313464
23314308
23315152
23315992
23316808
23317632
23318484
23319340
23320176
23321032
23321896
23322768
23323652
23324524
23325376
23326220
23327088
23327968
23328828
23329692
23330548
23331408
23332260
23333096
23333972
23334856
23335732
23336628
23337532
23338400
23339276
23340124
23340968
23341816
23342688
23343588
23344460
23345344
23346256
23347128
23348012
23348904
23349780
23350644
23351524
23352428
23353368
23354316
23355248
23356132
23357012
23357916
23358808
23359684
23360548
23361420
23362300
23363176
23364040
23364904
23365744
23366576
23367432
23368308
23369172
23370056
23370952
23371856
23372756
23373628
23374484
23375336
23376192
23377048
23377876
23378716
23379564
23380444
23381348
23382256
23383160
23384052
23384924
23385784
23386636
23387480
23388324
23389152
23389976
23390804
23391612
23392412
23393200
23393976
23394756
23395540
23396312
23397088
23397872
23398644
23399412
23400188
23400948
23401704
23402460
23403212
23403968
23404756
23405572
23406396
23407232
23408060
23408872
23409680
23410468
23411260
23412044
23412820
23413592
23414396
23415192
23415988
23416784
23417572
23418356
23419156
23419940
23420724
23421492
23422252
23423000
23423752
23424484
23425224
23425980
23426752
23427580
23428424
23429264
23430112
23430976
23431828
23432664
23433504
23434368
23435252
23436104
23436920
23437736
23438552
23439376
23440236
23441080
23441924
23442744
23443540
23444344
23445156
23445932
23446712
23447492
23448280
23449064
23449844
23450612
23451412
23452220
23453028
23453832
23454648
23455448
23456268
23457108
23457944
23458800
23459668
23460508
23461348
23462164
23462992
23463816
23464628
23465452
23466272
23467088
23467916
23468720
23469500
23470284
23471088
23471892
23472696
23473496
23474284
23475072
23475860
23476644
23477432
23478212
23479000
23479800
23480596
23481412
23482192
23482992
23483764
23484544
23485300
23486044
23486780
23487536
23488292
23489068
23489832
23490588
23491376
23492180
23493000
23493812
23494620
23495428
23496252
23497072
23497872
23498688
23499528
23500412
23501304
23502136
23502972
23503812
23504644
23505464
23506276
23507072
23507860
23508632
23509384
23510136
23510884
23511644
23512436
23513240
23514064
23514900
23515724
23516532
23517336
23518128
23518924
23519736
23520540
23521348
23522144
23522932
23523736
23524576
23525420
23526284
23527144
23527992
23528840
23529656
23530448
23531232
23532016
23532824
23533680
23534560
23535412
23536268
23537108
23537916
23538708
23539492
23540296
23541116
23541936
23542756
23543584
23544412
23545236
23546036
23546820
23547596
23548384
23549156
23549932
23550704
23551480
23552260
23553044
23553824
23554608
23555412
23556228
23557032
23557812
23558560
23559328
23560088
23560864
23561652
23562452
23563244
23564012
23564764
23565500
23566236
23566972
23567712
23568468
23569236
23570016
23570816
23571608
23572392
23573192
23573996
23574784
23575564
23576336
23577072
23577808
23578528
23579248
23579976
23580716
23581472
23582256
23583060
23583852
23584648
23585420
23586188
23586952
23587708
23588280
23589004
23589752
23590516
23591288
23592048
23592804
23593572
23594368
23595124
23596028
23596820
23597628
23598428
23599224
23600016
23600792
23601556
23602332
23603092
23603880
23604644
23605416
23606180
23606960
23607720
23608480
23609240
23609976
23610704
23611452
23612232
23613040
23613876
23614716
23615560
23616404
23617224
23618028
23618836
23619636
23620428
23621192
23621972
23622744
23623524
23624296
23625076
23625852
23626624
23627404
23628184
23628940
23629684
23630440
23631192
23631948
23632712
23633468
23634228
23635000
23635780
23636580
23637364
23638168
23638984
23639820
23640676
23641516
23642348
23643160
23643960
23644748
23645540
23646320
23647112
23647888
23648664
23649436
23650192
23650948
23651720
23652520
23653320
23654136
23654936
23655744
23656588
23657424
23658236
23659060
23659884
23660688
23661488
23662280
23663104
23663932
23664732
23665540
23666360
23667196
23668028
23668824
23669624
23670424
23671232
23672040
23672872
23673720
23674584
23675448
23676292
23677132
23677948
23678756
23679556
23680348
23681160
23682004
23682868
23683732
23684564
23685384
23686192
23687000
23687808
23688632
23689456
23690284
23691128
23691996
23692864
23693724
23694556
23695364
23696184
23697008
23697844
23698688
23699544
23700408
23701260
23702080
23702892
23703684
23704464
23705268
23706072
23706876
23707680
23708508
23709340
23710160
23711004
23711900
23712812
23713712
23714556
23715392
23716204
23717000
23717796
23718592
23719392
23720204
23721108
23722036
23722940
23723864
23724760
23725620
23726476
23727292
23728104
23728912
23729716
23730532
23731376
23732220
23733080
23733912
23734724
23735544
23736392
23737200
23738036
23738880
23739740
23740640
23741560
23742452
23743308
23744120
23744920
23745736
23746564
23747372
23748216
23749124
23750064
23750960
23751816
23752688
23753540
23754364
23755192
23756024
23756872
23757736
23758620
23759512
23760352
23761172
23761992
23762820
23763680
23764552
23765424
23766296
23767148
23767988
23768828
23769652
23770464
23771268
23772080
23772916
23773748
23774584
23775424
23776276
23777116
23777960
23778760
23779544
23780336
23781176
23782064
23782980
23783876
23784788
23785672
23786508
23787320
23788096
23788868
23789640
23790416
23791220
23792072
23792900
23793736
23794584
23795436
23796276
23797088
23797888
23798696
23799524
23800384
23801244
23802096
23802928
23803780
23804648
23805492
23806368
23807268
23808168
23809068
23809948
23810816
23811672
23812520
23813364
23814276
23815220
23816168
23817088
23817960
23818824
23819684
23820548
23821420
23822260
23823084
23823912
23824796
23825740
23826656
23827580
23828500
23829428
23830356
23831244
23832108
23832944
23833780
23834696
23835628
23836584
23837524
23838464
23839400
23840324
23841204
23842072
23842944
23843832
23844700
23845544
23846400
23847248
23848096
23848960
23849860
23850820
23851724
23852644
23853540
23854420
23855264
23856072
23856888
23857736
23858624
23859516
23860380
23861244
23862108
23862952
23863772
23864584
23865388
23866172
23866972
23867776
23868588
23869436
23870284
23871124
23871964
23872804
23873656
23874496
23875316
23876120
23876920
23877696
23878480
23879244
23880004
23880756
23881508
23882252
23882988
23883756
23884568
23885420
23886296
23887204
23888116
23889040
23889972
23890908
23891816
23892696
23893536
23894360
23895164
23895968
23896752
23897552
23898356
23899160
23899960
23900748
23901560
23902380
23903188
23903984
23904836
23905744
23906676
23907556
23908392
23909232
23910036
23910828
23911632
23912452
23913292
23914188
23915084
23915992
23916916
23917800
23918664
23919504
23920372
23921292
23922224
23923168
23924116
23925044
23925924
23926804
23927676
23928556
23929396
23930260
23931140
23932028
23932924
23933808
23934704
23935560
23936380
23937216
23938076
23938956
23939816
23940680
23941556
23942424
23943260
23944088
23944920
23945776
23946628
23947464
23948332
23949204
23950080
23950948
23951804
23952664
23953516
23954352
23955180
23956020
23956848
23957684
23958532
23959352
23960196
23961012
23961836
23962660
23963480
23964284
23965088
23965856
23966620
23967376
23968116
23968852
23969608
23970384
23971172
23972000
23972848
23973720
23974580
23975444
23976296
23977120
23977956
23978792
23979608
23980408
23981252
23982104
23983000
23983904
23984800
23985668
23986540
23987400
23988228
23989032
23989832
23990640
23991480
23992312
23993172
23994060
23994952
23995796
23996628
23997456
23998272
23999080
23999880
24000668
24001476
24002312
24003140
24003976
24004824
24005656
24006476
24007296
24008096
24008896
24009696
24010492
24011304
24012116
24012928
24013768
24014588
24015416
24016240
24017068
24017920
24018780
24019620
24020460
24021284
24022092
24022896
24023700
24024480
24025264
24026048
24026840
24027648
24028440
24029232
24030116
24030972
24031812
24032644
24033448
24034244
24035028
24035812
24036600
24037392
24038172
24038948
24039756
24040544
24041364
24042196
24043012
24043844
24044680
24045484
24046300
24047128
24047932
24048728
24049556
24050404
24051280
24052168
24053072
24053964
24054828
24055696
24056568
24057416
24058276
24059116
24059960
24060816
24061680
24062572
24063448
24064340
24065248
24066124
24067000
24067852
24068676
24069476
24070260
24071024
24071796
24072608
24073456
24074292
24075148
24076016
24076864
24077704
24078552
24079404
24080244
24081100
24081952
24082796
24083660
24084540
24085384
24086228
24087088
24087956
24088808
24089656
24090516
24091404
24092300
24093188
24094068
24094948
24095812
24096668
24097508
24098344
24099164
24099988
24100828
24101668
24102540
24103396
24104264
24105120
24105988
24106872
24107732
24108592
24109456
24110332
24111204
24112088
24112964
24113812
24114656
24115492
24116320
24117176
24118036
24118912
24119772
24120632
24121508
24122356
24123180
24124020
24124840
24125648
24126444
24127232
24128076
24128972
24129872
24130772
24131672
24132540
24133432
24134316
24135200
24136100
24136964
24137848
24138740
24139640
24140552
24141464
24142368
24143264
24144160
24145064
24145988
24146900
24147792
24148680
24149584
24150468
24151340
24152212
24153072
24153928
24154768
24155584
24156412
24157252
24158084
24158928
24159768
24160596
24161424
24162236
24163028
24163816
24164580
24165340
24166108
24166896
24167684
24168524
24169396
24170244
24171144
24172068
24172996
24173916
24174856
24175820
24176752
24177676
24178596
24179532
24180440
24181328
24182204
24183060
24183920
24184776
24185640
24186540
24187440
24188312
24189224
24190156
24191084
24191988
24192896
24193828
24194712
24195576
24196472
24197400
24198300
24199228
24200168
24201116
24202120
24203140
24204148
24205088
24206028
24206956
24207848
24208728
24209624
24210528
24211412
24212276
24213184
24214048
24214900
24215748
24216580
24217408
24218276
24219184
24220104
24221008
24221928
24222852
24223744
24224656
24225560
24226456
24227336
24228224
24229144
24230004
24230856
24231720
24232580
24233444
24234280
24235112
24235948
24236804
24237636
24238476
24239320
24240140
24240952
24241772
24242596
24243436
24244264
24245108
24245988
24246848
24247708
24248540
24249368
24250200
24251032
24251844
24252672
24253512
24254360
24255212
24256092
24256972
24257860
24258720
24259568
24260396
24261216
24262016
24262812
24263588
24264360
24265128
24265920
24266648
24267404
24268164
24268936
24269756
24270588
24271464
24272356
24273236
24274124
24274972
24275816
24276656
24277504
24278364
24279204
24280048
24280888
24281704
24282540
24283412
24284260
24285096
24285940
24286768
24287600
24288420
24289248
24290088
24290932
24291844
24292788
24293732
24294672
24295568
24296460
24297344
24298196
24299024
24299860
24300724
24301620
24302516
24303384
24304276
24305168
24306068
24306940
24307808
24308688
24309548
24310416
24311296
24312184
24313056
24313936
24314804
24315668
24316512
24317360
24318224
24319080
24319936
24320808
24321680
24322536
24323376
24324208
24325052
24325912
24326744
24327560
24328372
24329180
24329992
24330796
24331584
24332392
24333212
24334024
24334828
24335620
24336416
24337244
24338100
24338964
24339816
24340652
24341464
24342264
24343044
24343820
24344592
24345352
24346116
24346904
24347724
24348580
24349408
24350248
24351088
24351908
24352708
24353504
24354292
24355100
24355924
24356748
24357576
24358420
24359272
24360148
24361048
24361960
24362864
24363732
24364612
24365496
24366352
24367192
24368028
24368884
24369748
24370616
24371460
24372308
24373160
24374020
24374872
24375696
24376496
24377288
24378056
24378824
24379608
24380400
24381248
24382120
24382984
24383836
24384668
24385476
24386292
24387124
24387940
24388764
24389592
24390440
24391312
24392188
24393044
24393904
24394764
24395620
24396472
24397324
24398216
24399116
24399996
24400840
24401656
24402472
24403288
24404100
24404924
24405748
24406560
24407372
24408168
24408948
24409728
24410500
24411276
24412056
24412868
24413728
24414632
24415528
24416404
24417272
24418120
24418948
24419764
24420568
24421384
24422260
24423188
24424136
24425060
24425968
24426840
24427700
24428568
24429420
24430256
24431096
24431944
24432804
24433676
24434536
24435396
24436244
24437068
24437912
24438768
24439636
24440516
24441368
24442200
24443040
24443860
24444668
24445468
24446252
24447048
24447836
24448640
24449520
24450440
24451380
24452328
24453208
24454080
24454932
24455752
24456580
24457396
24458212
24459032
24459848
24460668
24461496
24462304
24463120
24463940
24464736
24465524
24466300
24467096
24467940
24468780
24469608
24470452
24471308
24472136
24472948
24473764
24474600
24475484
24476368
24477216
24478072
24478944
24479828
24480720
24481608
24482480
24483336
24484188
24485016
24485824
24486640
24487464
24488260
24489052
24489864
24490704
24491560
24492420
24493284
24494140
24494996
24495832
24496660
24497456
24498264
24499048
24499820
24500584
24501348
24502128
24503008
24503936
24504896
24505844
24506748
24507648
24508512
24509352
24510172
24510980
24511788
24512644
24513512
24514376
24515228
24516072
24516920
24517776
24518612
24519452
24520284
24521108
24521932
24522788
24523656
24524508
24525360
24526200
24527032
24527852
24528664
24529464
24530256
24531060
24531884
24532720
24533576
24534440
24535288
24536164
24537048
24537932
24538816
24539676
24540544
24541416
24542272
24543108
24543944
24544780
24545624
24546448
24547276
24548128
24548972
24549820
24550672
24551520
24552364
24553212
24554040
24554860
24555660
24556448
24557224
24557984
24558720
24559468
24560200
24560928
24561660
24562392
24563132
24563888
24564656
24565432
24566224
24567032
24567848
24568656
24569460
24570264
24571092
24571916
24572728
24573560
24574392
24575208
24576056
24576928
24577804
24578680
24579536
24580392
24581248
24582104
24582944
24583796
24584672
24585568
24586464
24587380
24588320
24589064
24590100
24590972
24591868
24592780
24593652
24594528
24595404
24596280
24597192
24598088
24598976
24599856
24600728
24601600
24602472
24603332
24604188
24605040
24605880
24606704
24607520
24608320
24609112
24609888
24610656
24611404
24612160
24612912
24613676
24614524
24615444
24616416
24617396
24618404
24619388
24620364
24621328
24622264
24623192
24624108
24625064
24626040
24627024
24628012
24628976
24629940
24630880
24631764
24632632
24633492
24634328
24635160
24635960
24636768
24637568
24638348
24639128
24639916
24640704
24641500
24642312
24643148
24644016
24644868
24645736
24646616
24647484
24648352
24649232
24650112
24651008
24651892
24652764
24653616
24654476
24655324
24656148
24656964
24657804
24658668
24659516
24660372
24661248
24662128
24662984
24663832
24664680
24665536
24666368
24667204
24668052
24668876
24669732
24670588
24671432
24672284
24673124
24673948
24674764
24675556
24676348
24677152
24677940
24678732
24679532
24680360
24681192
24682032
24682868
24683704
24684508
24685308
24686100
24686884
24687652
24688424
24689192
24689968
24690752
24691564
24692408
24693296
24694192
24695128
24696088
24697008
24697948
24698900
24699800
24700704
24701596
24702460
24703320
24704168
24705004
24705828
24706636
24707440
24708244
24709052
24709876
24710684
24711480
24712260
24713036
24713800
24714568
24715316
24716072
24716840
24717640
24718468
24719300
24720108
24720920
24721748
24722588
24723456
24724340
24725216
24726088
24726976
24727876
24728736
24729568
24730372
24731172
24731940
24732692
24733436
24734188
24734928
24735684
24736436
24737208
24737984
24738752
24739524
24740280
24741020
24741764
24742500
24743224
24743928
24744628
24745336
24746036
24746740
24747440
24748136
24748832
24749556
24750284
24751016
24751764
24752516
24753272
24754040
24754808
24755572
24756348
24757112
24757876
24758644
24759412
24760172
24760924
24761680
24762420
24763164
24763916
24764664
24765404
24766156
24766904
24767652
24768400
24769144
24769892
24770652
24771404
24772144
24772880
24773608
24774332
24775052
24775768
24776476
24777188
24777916
24778636
24779360
24780100
24780840
24781588
24782344
24783092
24783832
24784564
24785288
24786012
24786748
24787484
24788212
24788944
24789684
24790432
24791192
24791956
24792712
24793468
24794228
24794984
24795736
24796484
24797212
24797940
24798672
24799412
24800156
24800904
24801644
24802380
24803136
24803896
24804652
24805412
24806156
24806896
24807640
24808380
24809104
24809840
24810584
24811332
24812084
24812844
24813604
24814360
24815124
24815884
24816624
24817384
24818152
24818932
24819720
24820496
24821260
24822036
24822804
24823580
24824372
24825160
24825936
24826712
24827480
24828228
24828984
24829748
24830532
24831340
24832136
24832928
24833720
24834520
24835328
24836136
24836932
24837724
24838524
24839324
24840116
24840904
24841680
24842440
24843196
24843944
24844676
24845408
24846144
24846880
24847628
24848372
24849120
24849880
24850652
24851424
24852216
24853016
24853812
24854604
24855384
24856152
24856916
24857676
24858412
24859136
24859848
24860544
24861248
24861980
24862724
24863476
24864268
24865076
24865880
24866680
24867464
24868236
24869000
24869748
24870492
24871244
24872012
24872796
24873616
24874456
24875296
24876144
24876956
24877740
24878524
24879292
24880064
24880840
24881604
24882372
24883168
24883976
24884792
24885596
24886392
24887196
24888012
24888816
24889600
24890392
24891188
24892008
24892824
24893612
24894404
24895216
24896012
24896804
24897604
24898388
24899160
24899928
24900684
24901444
24902220
24902996
24903792
24904588
24905380
24906172
24906964
24907744
24908528
24909316
24910100
24910912
24911760
24912600
24913444
24914252
24915032
24915804
24916572
24917336
24918084
24918832
24919588
24920372
24921144
24921908
24922680
24923464
24924248
24925036
24925812
24926584
24927388
24928212
24929024
24929832
24930640
24931448
24932272
24933064
24933844
24934640
24935468
24936328
24937188
24938020
24938832
24939628
24940396
24941144
24941896
24942644
24943408
24944180
24944952
24945740
24946540
24947320
24948092
24948864
24949636
24950404
24951164
24951936
24952700
24953472
24954232
24954988
24955624
24956492
24957284
24958068
24958840
24959612
24960396
24961168
24961928
24962684
24963440
24964196
24964960
24965712
24966456
24967208
24967980
24968736
24969500
24970260
24971016
24971764
24972484
24973188
24973888
24974600
24975348
24976112
24976868
24977616
24978388
24979140
24979880
24980604
24981320
24982052
24982820
24983572
24984328
24985096
24985872
24986644
24987428
24988204
24988972
24989732
24990488
24991236
24991996
24992776
24993564
24994368
24995164
24995948
24996736
24997520
24998284
24999068
24999880
25000692
25001508
25002320
25003124
25003964
25004788
25005604
25006424
25007252
25008076
25008904
25009704
25010496
25011284
25012060
25012828
25013604
25014372
25015132
25015904
25016652
25017404
25018152
25018896
25019632
25020380
25021128
25021872
25022624
25023368
25024096
25024852
25025600
25026352
25027096
25027824
25028576
25029328
25030076
25030804
25031516
25032228
25032968
25033732
25034528
25035328
25036144
25036980
25037800
25038620
25039428
25040228
25041036
25041896
25042776
25043664
25044520
25045356
25046184
25047012
25047848
25048668
25049468
25050252
25051040
25051824
25052604
25053388
25054164
25054928
25055700
25056460
25057232
25058028
25058808
25059592
25060372
25061152
25061940
25062732
25063536
25064364
25065208
25066020
25066824
25067632
25068432
25069248
25070044
25070816
25071588
25072364
25073156
25073940
25074748
25075560
25076392
25077216
25078040
25078856
25079656
25080452
25081268
25082088
25082892
25083688
25084472
25085260
25086052
25086840
25087624
25088420
25089208
25089996
25090832
25091700
25092564
25093408
25094256
25095096
25095932
25096732
25097536
25098360
25099208
25100024
25100840
25101656
25102464
25103272
25104080
25104896
25105720
25106540
25107344
25108156
25108988
25109828
25110672
25111536
25112424
25113276
25114136
25114984
25115848
25116740
25117652
25118584
25119488
25120372
25121228
25122056
25122860
25123648
25124432
25125220
25126056
25126928
25127816
25128664
25129528
25130412
25131284
25132140
25132988
25133848
25134768
25135696
25136608
25137520
25138364
25139184
25140004
25140856
25141736
25142600
25143464
25144296
25145132
25145984
25146848
25147688
25148532
25149364
25150196
25151068
25151964
25152860
25153760
25154652
25155500
25156336
25157176
25158008
25158884
25159780
25160704
25161620
25162536
25163480
25164380
25165280
25166192
25167096
25167972
25168860
25169760
25170680
25171576
25172460
25173364
25174264
25175164
25176056
25176944
25177820
25178684
25179556
25180436
25181288
25182168
25183052
25183936
25184824
25185724
25186640
25187512
25188388
25189288
25190172
25191024
25191876
25192736
25193564
25194404
25195260
25196124
25197004
25197904
25198804
25199684
25200572
25201468
25202324
25203204
25204080
25204944
25205824
25206676
25207528
25208404
25209304
25210200
25211112
25212028
25212928
25213832
25214752
25215636
25216512
25217408
25218288
25219168
25220064
25220912
25221760
25222616
25223456
25224280
25225108
25225936
25226752
25227572
25228400
25229212
25230032
25230856
25231692
25232492
25233300
25234132
25234992
25235836
25236696
25237576
25238500
25239404
25240312
25241236
25242128
25243028
25243928
25244808
25245672
25246508
25247352
25248204
25249012
25249824
25250656
25251504
25252352
25253164
25253964
25254780
25255584
25256380
25257164
25257948
25258760
25259592
25260452
25261320
25262156
25262992
25263804
25264608
25265396
25266176
25266948
25267708
25268476
25269244
25270024
25270828
25271640
25272468
25273292
25274112
25274936
25275772
25276584
25277368
25278152
25278936
25279744
25280576
25281392
25282216
25283052
25283868
25284672
25285452
25286228
25287020
25287852
25288708
25289552
25290420
25291260
25292084
25292876
25293648
25294420
25295196
25295960
25296744
25297536
25298368
25299220
25300060
25300888
25301692
25302468
25303244
25304052
25304868
25305712
25306608
25307520
25308452
25309332
25310204
25311084
25311968
25312860
25313752
25314632
25315536
25316428
25317320
25318220
25319128
25320004
25320868
25321712
25322568
25323404
25324212
25325020
25325832
25326660
25327524
25328352
25329324
25330176
25331008
25331840
25332668
25333496
25334316
25335136
25335948
25336764
25337568
25338368
25339140
25339900
25340644
25341388
25342120
25342852
25343584
25344324
25345064
25345812
25346552
25347296
25348052
25348812
25349560
25350320
25351088
25351864
25352640
25353448
25354292
25355144
25355996
25356848
25357692
25358544
25359464
25360372
25361252
25362148
25363028
25363920
25364816
25365660
25366512
25367380
25368284
25369188
25370088
25370972
25371828
25372700
25373616
25374500
25375400
25376320
25377212
25378140
25379096
25380016
25380976
25381884
25382784
25383700
25384592
25385480
25386352
25387260
25388176
25389088
25389968
25390848
25391712
25392584
25393412
25394244
25395136
25396020
25396876
25397724
25398564
25399424
25400264
25401092
25401932
25402772
25403600
25404452
25405312
25406172
25407072
25407984
25408884
25409764
25410660
25411572
25412428
25413292
25414148
25415008
25415876
25416732
25417556
25418372
25419172
25419956
25420748
25421540
25422352
25423208
25424076
25424952
25425796
25426612
25427424
25428232
25429024
25429832
25430660
25431536
25432432
25433352
25434280
25435204
25436116
25437024
25437900
25438740
25439588
25440440
25441336
25442248
25443124
25444024
25444900
25445772
25446620
25447472
25448348
25449220
25450104
25451000
25451904
25452816
25453700
25454580
25455432
25456280
25457124
25457976
25458816
25459648
25460500
25461364
25462248
25463128
25463988
25464844
25465688
25466524
25467360
25468204
25469064
25469904
25470724
25471588
25472508
25473404
25474300
25475184
25476080
25476968
25477828
25478664
25479504
25480320
25481156
25482004
25482844
25483676
25484512
25485372
25486288
25487220
25488104
25489000
25489904
25490828
25491720
25492584
25493424
25494260
25495116
25495972
25496860
25497776
25498696
25499608
25500532
25501448
25502348
25503232
25504116
25504972
25505840
25506712
25507596
25508488
25509336
25510192
25511072
25511972
25512880
25513752
25514620
25515480
25516324
25517156
25517968
25518772
25519568
25520344
25521132
25521960
25522856
25523764
25524676
25525568
25526432
25527284
25528144
25529020
25529876
25530764
25531652
25532544
25533460
25534328
25535216
25536112
25536976
25537860
25538708
25539560
25540448
25541348
25542216
25543100
25543952
25544816
25545680
25546560
25547404
25548264
25549140
25550008
25550884
25551760
25552644
25553528
25554432
25555340
25556216
25557116
25557988
25558840
25559688
25560544
25561436
25562320
25563180
25564040
25564896
25565776
25566624
25567476
25568304
25569116
25569920
25570716
25571484
25572256
25573032
25573816
25574608
25575472
25576384
25577320
25578256
25579140
25580028
25580916
25581808
25582724
25583632
25584556
25585464
25586344
25587248
25588152
25589060
25589944
25590792
25591668
25592572
25593512
25594448
25595356
25596224
25597068
25597904
25598752
25599592
25600408
25601248
25602116
25602996
25603912
25604836
25605772
25606704
25607612
25608492
25609368
25610248
25611128
25612012
25612932
25613824
25614756
25615684
25616596
25617548
25618464
25619384
25620296
25621188
25622080
25622932
25623760
25624572
25625364
25626156
25626960
25627752
25628532
25629304
25630068
25630832
25631616
25632388
25633168
25633984
25634816
25635644
25636496
25637340
25638176
25639004
25639832
25640688
25641524
25642384
25643260
25644100
25644956
25645832
25646684
25647556
25648436
25649292
25650180
25651080
25651952
25652828
25653700
25654576
25655432
25656296
25657196
25658100
25658976
25659856
25660716
25661580
25662416
25663252
25664108
25664944
25665788
25666676
25667528
25668396
25669248
25670100
25670960
25671808
25672644
25673480
25674304
25675140
25675964
25676756
25677548
25678336
25679116
25679892
25680700
25681512
25682324
25683132
25683912
25684680
25685468
25686272
25687096
25687928
25688740
25689560
25690392
25691248
25692084
25692952
25693824
25694704
25695548
25696396
25697240
25698108
25698900
25699740
25700556
25701360
25702180
25702976
25703812
25704648
25705472
25706308
25707152
25707988
25708852
25709724
25710624
25711564
25712524
25713432
25714356
25715288
25716160
25716996
25717812
25718608
25719388
25720164
25720960
25721820
25722700
25723536
25724408
25725332
25726260
25727180
25728060
25728936
25729840
25730748
25731616
25732516
25733404
25734260
25735096
25735940
25736808
25737692
25738592
25739532
25740460
25741372
25742252
25743096
25743936
25744760
25745588
25746432
25747300
25748204
25749092
25749932
25750776
25751600
25752420
25753228
25754024
25754816
25755636
25756448
25757264
25758092
25758932
25759764
25760572
25761384
25762208
25763024
25763832
25764632
25765432
25766208
25767016
25767804
25768616
25769468
25770364
25771256
25772148
25773004
25773836
25774652
25775444
25776252
25777056
25777860
25778684
25779560
25780540
25781508
25782436
25783344
25784224
25785088
25785956
25786828
25787704
25788572
25789396
25790216
25791048
25791880
25792704
25793524
25794328
25795132
25795920
25796692
25797456
25798208
25798956
25799724
25800556
25801392
25802308
25803256
25804180
25805096
25805980
25806868
25807708
25808532
25809364
25810184
25810984
25811812
25812680
25813588
25814512
25815420
25816340
25817236
25818100
25818956
25819800
25820640
25821476
25822304
25823144
25824000
25824868
25825740
25826600
25827452
25828320
25829152
25829984
25830828
25831640
25832440
25833240
25834012
25834808
25835616
25836408
25837212
25838016
25838796
25839576
25840360
25841132
25841900
25842668
25843436
25844240
25845080
25845928
25846808
25847688
25848572
25849472
25850336
25851164
25851984
25852800
25853596
25854380
25855148
25855920
25856688
25857452
25858232
25859036
25859844
25860660
25861464
25862248
25863020
25863796
25864556
25865352
25866188
25867044
25867936
25868792
25869640
25870488
25871328
25872184
25873036
25873900
25874776
25875624
25876484
25877352
25878196
25879052
25879880
25880704
25881544
25882412
25883304
25884180
25885044
25885916
25886788
25887640
25888472
25889316
25890156
25891008
25891848
25892684
25893552
25894460
25895364
25896264
25897140
25897972
25898784
25899576
25900364
25901172
25902000
25902864
25903732
25904624
25905512
25906368
25907216
25908060
25908880
25909680
25910492
25911296
25912088
25912876
25913672
25914452
25915224
25915980
25916732
25917516
25918328
25919156
25919988
25920828
25921700
25922556
25923388
25924216
25925036
25925860
25926692
25927532
25928376
25929244
25930104
25930948
25931784
25932592
25933404
25934240
25935080
25935920
25936776
25937648
25938504
25939348
25940196
25941052
25941904
25942768
25943628
25944464
25945308
25946152
25947004
25947844
25948688
25949544
25950388
25951224
25952064
25952912
25953744
25954592
25955440
25956292
25957156
25958012
25958884
25959732
25960588
25961440
25962292
25963132
25963968
25964788
25965584
25966368
25967136
25967900
25968656
25969416
25970160
25970912
25971660
25972404
25973148
25973904
25974668
25975460
25976264
25977076
25977924
25978776
25979636
25980476
25981304
25982136
25982984
25983804
25984604
25985400
25986180
25986980
25987784
25988584
25989420
25990312
25991168
25992012
25992856
25993724
25994608
25995480
25996324
25997184
25998028
25998876
25999692
26000496
26001304
26002128
26002944
26003784
26004624
26005464
26006324
26007180
26008028
26008860
26009668
26010468
26011260
26012044
26012860
26013660
26014468
26015300
26016136
26016948
26017764
26018576
26019364
26020160
26020952
26021764
26022604
26023436
26024248
26025052
26025868
26026728
26027600
26028440
26029300
26030172
26031032
26031904
26032800
26033700
26034568
26035432
26036300
26037152
26038004
26038876
26039720
26040576
26041448
26042300
26043160
26044024
26044876
26045740
26046628
26047532
26048400
26049264
26050124
26050972
26051816
26052672
26053536
26054392
26055268
26056104
26056916
26057740
26058560
26059360
26060152
26060928
26061688
26062468
26063240
26064000
26064768
26065528
26066300
26067100
26067916
26068752
26069604
26070468
26071308
26072140
26072956
26073764
26074580
26075384
26076204
26077012
26077808
26078620
26079444
26080252
26081072
26081904
26082724
26083568
26084420
26085244
26086088
26086928
26087764
26088588
26089400
26090224
26091044
26091868
26092684
26093476
26094268
26095052
26095832
26096604
26097392
26098188
26098984
26099788
26100588
26101372
26102168
26102976
26103776
26104584
26105392
26106204
26107012
26107820
26108640
26109448
26110272
26111080
26111892
26112712
26113552
26114404
26115248
26116104
26116956
26117776
26118600
26119428
26120248
26121064
26121864
26122656
26123456
26124260
26125068
26125868
26126676
26127504
26128328
26129156
26130000
26130844
26131680
26132528
26133368
26134196
26135052
26135900
26136720
26137548
26138380
26139204
26140040
26140856
26141672
26142504
26143336
26144148
26144964
26145776
26146592
26147404
26148212
26149040
26149848
26150648
26151464
26152256
26153040
26153816
26154576
26155360
26156156
26156972
26157780
26158592
26159404
26160220
26161044
26161844
26162652
26163468
26164264
26165060
26165860
26166668
26167472
26168284
26169096
26169932
26170764
26171592
26172424
26173240
26174048
26174848
26175632
26176412
26177216
26178024
26178816
26179628
26180428
26181216
26182016
26182788
26183568
26184384
26185200
26186012
26186828
26187652
26188476
26189308
26190132
26190948
26191776
26192600
26193428
26194248
26195072
26195908
26196740
26197544
26198340
26199132
26199940
26200752
26201544
26202336
26203132
26203920
26204716
26205524
26206320
26207140
26207992
26208832
26209684
26210540
26211360
26212196
26213032
26213848
26214680
26215500
26216316
26217140
26217960
26218768
26219584
26220408
26221248
26222092
26222944
26223824
26224684
26225536
26226392
26227228
26228072
26228932
26229768
26230588
26231424
26232252
26233060
26233872
26234656
26235476
26236336
26237172
26238044
26238932
26239808
26240692
26241564
26242408
26243256
26244088
26244904
26245704
26246504
26247324
26248156
26248980
26249804
26250620
26251432
26252240
26253044
26253868
26254720
26255572
26256420
26257248
26258052
26258848
26259624
26260396
26261172
26261956
26262744
26263560
26264388
26265236
26266072
26266916
26267764
26268644
26269496
26270352
26271216
26272056
26272904
26273736
26274544
26275356
26276168
26276976
26277812
26278664
26279500
26280364
26281228
26282076
26282936
26283780
26284612
26285452
26286284
26287128
26287952
26288784
26289616
26290436
26291228
26292024
26292836
26293644
26294484
26295336
26296176
26297028
26297856
26298660
26299448
26300232
26301016
26301788
26302556
26303308
26304068
26304816
26305576
26306348
26307100
26307856
26308608
26309348
26310096
26310860
26311648
26312436
26313232
26314052
26314896
26315776
26316632
26317520
26318424
26319348
26320252
26321160
26322092
26323020
26323888
26324764
26325636
26326520
26327376
26328204
26329016
26329852
26330716
26331612
26332480
26333340
26334240
26335120
26336012
26336904
26337768
26338596
26339416
26340240
26341072
26341880
26342708
26343548
26344396
26345256
26346108
26346948
26347768
26348596
26349420
26350228
26351052
26351860
26352664
26353484
26354320
26355168
26356000
26356812
26357632
26358444
26359256
26360048
26360828
26361608
26362404
26363228
26364052
26364884
26365736
26366600
26367448
26368280
26369092
26369896
26370680
26371456
26372228
26372996
26373776
26374552
26375320
26376088
26376864
26377628
26378400
26379164
26379916
26380668
26381412
26382164
26382924
26383712
26384484
26385268
26386048
26386820
26387580
26388332
26389088
26389868
26390664
26391464
26392412
26393224
26394040
26394852
26395656
26396492
26397420
26398320
26399200
26400080
26400972
26401888
26402784
26403628
26404476
26405316
26406148
26406976
26407820
26408708
26409572
26410436
26411324
26412276
26413232
26414144
26415076
26415996
26416872
26417772
26418660
26419540
26420400
26421264
26422136
26423028
26423924
26424840
26425708
26426600
26427508
26428408
26429264
26430152
26431012
26431856
26432684
26433504
26434352
26435200
26436040
26436896
26437744
26438604
26439476
26440352
26441216
26442092
26442932
26443792
26444652
26445492
26446344
26447160
26447980
26448816
26449664
26450508
26451336
26452140
26452944
26453752
26454552
26455388
26456248
26457092
26457960
26458800
26459656
26460532
26461416
26462292
26463148
26464004
26464880
26465740
26466592
26467436
26468300
26469144
26470008
26470912
26471852
26472760
26473680
26474548
26475408
26476256
26477116
26477972
26478836
26479696
26480540
26481388
26482224
26483048
26483876
26484688
26485504
26486324
26487156
26488024
26488916
26489808
26490732
26491628
26492524
26493392
26494260
26495136
26495972
26496816
26497668
26498548
26499436
26500324
26501208
26502116
26503012
26503916
26504848
26505728
26506624
26507528
26508380
26509248
26510120
26510992
26511832
26512680
26513548
26514424
26515288
26516172
26517044
26517880
26518736
26519568
26520412
26521284
26522172
26523080
26523980
26524848
26525700
26526556
26527384
26528224
26529064
26529920
26530792
26531672
26532548
26533408
26534268
26535132
26535988
26536836
26537688
26538568
26539460
26540352
26541208
26542100
26542976
26543824
26544672
26545504
26546316
26547128
26547920
26548712
26549520
26550328
26551136
26551976
26552836
26553720
26554604
26555456
26556324
26557168
26557984
26558804
26559616
26560420
26561244
26562064
26562900
26563768
26564632
26565484
26566324
26567164
26568008
26568844
26569664
26570480
26571284
26572080
26572872
26573664
26574480
26575324
26576148
26576972
26577796
26578612
26579440
26580264
26581060
26581848
26582672
26583496
26584344
26585208
26586064
26586924
26587796
26588640
26589464
26590260
26591100
26591972
26592852
26593736
26594604
26595476
26596356
26597216
26598056
26598904
26599764
26600616
26601472
26602320
26603180
26604012
26604848
26605676
26606504
26607348
26608212
26609080
26609964
26610816
26611652
26612492
26613304
26614104
26614928
26615756
26616580
26617428
26618268
26619108
26619944
26620780
26621596
26622412
26623204
26624004
26624808
26625604
26626408
26627212
26628000
26628792
26629564
26630324
26631084
26631860
26632656
26633448
26634248
26635080
26635968
26636876
26637768
26638644
26639484
26640312
26641120
26641908
26642696
26643492
26644280
26645088
26645904
26646728
26647564
26648400
26649240
26650096
26650936
26651768
26652608
26653452
26654304
26655168
26656016
26656900
26657772
26658656
26659508
26660360
26661208
26662036
26662844
26663636
26664444
26665232
26666012
26666800
26667584
26668396
26669196
26670004
26670808
26671612
26672408
26673192
26673976
26674748
26675544
26676364
26677176
26678032
26678904
26679796
26680676
26681544
26682424
26683304
26684168
26685032
26685876
26686712
26687536
26688336
26689144
26689948
26690732
26691520
26692304
26693096
26693920
26694792
26695652
26696512
26697352
26698164
26698972
26699780
26700588
26701396
26702192
26703012
26703864
26704688
26705532
26706388
26707248
26708120
26708956
26709776
26710588
26711368
26712144
26712920
26713744
26714608
26715464
26716332
26717284
26718252
26719188
26720112
26721028
26721928
26722804
26723660
26724524
26725404
26726300
26727172
26728052
26728940
26729800
26730644
26731444
26732232
26733008
26733768
26734520
26735256
26735984
26736728
26737448
26738164
26738868
26739556
26740252
26740940
26741628
26742308
26742988
26743692
26744404
26745144
26745956
26746812
26747684
26748556
26749388
26750220
26751024
26751808
26752592
26753368
26754140
26754912
26755688
26756484
26757276
26758080
26758880
26759660
26760584
26761376
26762156
26762932
26763720
26764544
26765356
26766164
26766972
26767812
26768672
26769712
26770588
26771588
26772452
26773320
26774172
26775064
26775960
26776820
26777696
26778564
26779432
26780300
26781164
26782044
26782916
26783756
26784604
26785432
26786236
26787040
26787836
26788652
26789500
26790356
26791236
26792084
26792948
26793812
26794656
26795508
26796348
26797184
26797992
26798816
26799656
26800488
26801332
26802168
26803028
26803876
26804704
26805524
26806336
26807160
26807976
26808792
26809632
26810464
26811312
26812184
26813064
26813940
26814788
26815620
26816424
26817232
26818020
26818808
26819596
26820404
26821236
26822096
26822920
26823748
26824604
26825440
26826292
26827124
26827956
26828808
26829644
26830452
26831280
26832132
26833004
26833852
26834696
26835540
26836368
26837208
26838064
26838920
26839784
26840664
26841528
26842388
26843248
26844120
26844996
26845864
26846700
26847536
26848340
26849128
26849936
26850756
26851604
26852472
26853328
26854196
26855040
26855876
26856732
26857564
26858392
26859248
26860112
26860980
26861824
26862644
26863472
26864312
26865168
26866012
26866844
26867680
26868544
26869408
26870268
26871168
26872076
26872956
26873812
26874660
26875500
26876316
26877096
26877892
26878680
26879464
26880256
26881056
26881848
26882664
26883484
26884292
26885140
26886012
26886876
26887744
26888612
26889468
26890332
26891192
26892060
26892908
26893760
26894616
26895432
26896252
26897072
26897876
26898692
26899516
26900328
26901168
26901992
26902804
26903620
26904428
26905256
26906080
26906892
26907688
26908496
26909296
26910108
26910944
26911768
26912584
26913408
26914244
26915084
26915908
26916712
26917516
26918324
26919136
26919964
26920812
26921648
26922500
26923324
26924140
26924960
26925768
26926572
26927384
26928196
26929016
26929856
26930704
26931552
26932408
26933268
26934120
26934976
26935804
26936652
26937496
26938324
26939144
26939968
26940820
26941704
26942556
26943416
26944292
26945160
26946028
26946872
26947720
26948560
26949392
26950216
26951056
26951884
26952708
26953544
26954384
26955240
26956072
26956876
26957704
26958528
26959332
26960140
26960912
26961684
26962448
26963208
26963956
26964712
26965464
26966224
26966972
26967716
26968460
26969220
26969972
26970720
26971472
26972216
26972960
26973716
26974500
26975312
26976112
26976924
26977716
26978516
26979328
26980116
26980904
26981680
26982456
26983256
26984060
26984860
26985700
26986568
26987460
26988336
26989220
26990116
26991004
26991884
26992780
26993660
26994520
26995408
26996324
26997176
26998048
26998892
26999712
27000528
27001356
27002172
27003036
27003916
27004840
27005708
27006600
27007492
27008340
27009168
27010008
27010832
27011648
27012460
27013308
27014220
27015164
27016068
27016968
27017864
27018764
27019612
27020460
27021308
27022172
27023024
27023900
27024776
27025692
27026584
27027484
27028380
27029232
27030072
27030928
27031792
27032660
27033512
27034384
27035264
27036108
27036964
27037784
27038600
27039436
27040284
27041116
27041972
27042840
27043684
27044552
27045420
27046304
27047164
27048028
27048900
27049736
27050572
27051412
27052280
27053160
27054028
27054872
27055704
27056528
27057320
27058128
27058960
27059792
27060640
27061508
27062352
27063200
27064020
27064836
27065636
27066424
27067216
27068008
27068780
27069548
27070308
27071088
27071868
27072692
27073516
27074556
27075404
27076260
27077144
27078032
27078932
27079860
27080748
27081600
27082456
27083324
27084172
27085008
27085848
27086680
27087484
27088296
27089112
27089896
27090704
27091532
27092364
27093184
27094028
27094872
27095716
27096548
27097380
27098192
27098992
27099804
27100624
27101408
27102200
27103000
27103788
27104604
27105448
27106280
27107120
27107960
27108788
27109612
27110416
27111208
27112016
27112820
27113616
27114408
27115188
27115956
27116728
27117500
27118284
27119076
27119876
27120664
27121460
27122240
27123032
27123832
27124632
27125440
27126260
27127084
27127916
27128764
27129592
27130436
27131268
27132092
27132920
27133744
27134540
27135344
27136132
27136904
27137684
27138468
27139272
27140084
27140912
27141756
27142600
27143420
27144252
27145072
27145892
27146708
27147536
27148364
27149200
27150016
27150828
27151664
27152476
27153276
27154080
27154876
27155680
27156516
27157324
27158164
27158992
27159840
27160672
27161500
27162316
27163128
27163932
27164732
27165528
27166328
27167116
27167908
27168692
27169480
27170292
27171120
27171964
27172868
27173800
27174704
27175572
27176428
27177268
27178096
27178900
27179708
27180508
27181296
27182088
27182876
27183684
27184524
27185340
27186168
27187004
27187828
27188648
27189468
27190280
27191088
27191904
27192712
27193512
27194320
27195108
27195896
27196680
27197452
27198260
27199096
27199952
27200820
27201692
27202560
27203412
27204276
27205144
27205976
27206800
27207620
27208436
27209296
27210204
27211092
27211944
27212816
27213668
27214500
27215312
27216104
27216896
27217676
27218480
27219276
27220100
27220912
27221736
27222548
27223348
27224160
27224964
27225748
27226552
27227372
27228192
27229052
27229904
27230944
27231844
27232736
27233636
27234500
27235500
27236364
27237236
27238108
27238952
27239824
27240712
27241608
27242520
27243384
27244272
27245164
27246020
27246888
27247736
27248560
27249376
27250164
27250944
27251756
27252620
27253456
27254332
27255212
27256076
27256980
27257896
27258816
27259724
27260592
27261460
27262312
27263172
27264028
27264868
27265704
27266536
27267356
27268216
27269132
27270080
27271016
27272008
27272884
27273760
27274644
27275524
27276420
27277324
27278184
27279060
27279932
27280804
27281644
27282484
27283340
27284184
27285024
27285872
27286704
27287532
27288368
27289180
27289992
27290796
27291608
27292448
27293292
27294164
27295060
27295936
27296832
27297736
27298596
27299460
27300340
27301324
27302172
27303000
27303820
27304656
27305496
27306332
27307180
27308024
27308852
27309672
27310476
27311300
27312160
27313012
27313888
27314756
27315652
27316572
27317480
27318384
27319276
27320148
27321020
27321864
27322712
27323552
27324368
27325180
27326024
27326888
27327784
27328656
27329540
27330444
27331304
27332164
27333012
27333840
27334672
27335512
27336344
27337168
27337988
27338804
27339664
27340504
27341364
27342252
27343136
27344016
27344928
27345804
27346684
27347548
27348408
27349240
27350044
27350836
27351668
27352516
27353360
27354244
27355144
27356148
27357020
27357872
27358700
27359516
27360352
27361208
27362088
27362984
27363872
27364768
27365632
27366480
27367344
27368212
27369048
27369880
27370708
27371568
27372428
27373300
27374180
27375184
27376036
27376892
27377736
27378572
27379420
27380268
27381128
27381968
27382832
27383724
27384616
27385612
27386492
27387348
27388180
27389012
27389852
27390668
27391504
27392340
27393160
27394012
27394872
27395720
27396584
27397436
27398280
27399144
27400028
27400880
27401748
27402620
27403492
27404368
27405240
27406092
27406960
27407828
27408684
27409544
27410408
27411268
27412124
27412984
27413832
27414672
27415516
27416356
27417176
27418004
27418812
27419596
27420388
27421188
27422004
27422816
27423648
27424492
27425332
27426148
27426972
27427804
27428620
27429444
27430268
27431076
27431904
27432744
27433592
27434420
27435268
27436112
27436952
27437788
27438624
27439468
27440292
27441144
27442012
27442864
27443748
27444620
27445472
27446344
27447208
27448080
27448948
27449824
27450708
27451600
27452472
27453356
27454228
27455088
27455972
27456856
27457760
27458616
27459476
27460364
27461256
27462116
27462988
27463860
27464708
27465560
27466396
27467240
27468096
27468980
27469876
27470752
27471620
27472488
27473328
27474176
27475032
27475880
27476752
27477636
27478520
27479424
27480308
27481184
27482064
27482912
27483740
27484568
27485400
27486252
27487100
27487936
27488780
27489612
27490424
27491240
27492060
27492904
27493740
27494568
27495228
27496176
27497004
27497820
27498612
27499420
27500252
27501084
27501900
27502736
27503572
27504396
27505228
27506048
27506876
27507700
27508520
27509336
27510148
27510952
27511768
27512568
27513356
27514144
27514948
27515780
27516648
27517516
27518436
27519368
27520280
27521208
27522136
27523056
27523960
27524880
27525812
27526704
27527564
27528436
27529320
27530200
27531076
27531924
27532784
27533652
27534524
27535436
27536300
27537316
27538200
27539056
27539924
27540768
27541608
27542432
27543244
27544048
27544844
27545628
27546404
27547180
27547948
27548736
27549524
27550296
27551068
27551848
27552632
27553416
27554204
27555004
27555832
27556652
27557488
27558336
27559176
27560004
27560840
27561664
27562468
27563272
27564024
27564812
27565568
27566320
27567064
27567820
27568564
27569308
27570056
27570800
27571572
27572356
27573160
27573980
27574844
27575704
27576592
27577484
27578372
27579280
27580204
27581112
27582052
27582984
27583880
27584788
27585692
27586588
27587452
27588336
27589232
27590092
27590976
27591868
27592760
27593652
27594544
27595396
27596248
27597104
27597944
27598756
27599552
27600352
27601148
27601972
27602836
27603684
27604560
27605452
27606308
27607204
27608116
27608988
27609900
27610828
27611748
27612672
27613588
27614496
27615372
27616240
27617088
27617936
27618788
27619644
27620524
27621436
27622312
27623204
27624104
27624992
27625880
27626776
27627652
27628540
27629436
27630348
27631232
27632116
27633004
27633872
27634740
27635620
27636476
27637340
27638232
27639128
27639992
27640852
27641704
27642552
27643400
27644252
27645132
27645984
27646832
27647676
27648496
27649308
27650108
27650888
27651660
27652432
27653196
27653988
27654780
27655560
27656356
27657156
27657944
27658728
27659508
27660316
27661160
27662040
27662956
27663868
27664804
27665756
27666664
27667572
27668500
27669388
27670272
27671180
27672060
27672952
27673852
27674772
27675664
27676560
27677472
27678356
27679252
27680164
27681060
27681972
27682908
27683836
27684788
27685748
27686668
27687568
27688460
27689360
27690240
27691092
27691944
27692820
27693736
27694680
27695616
27696536
27697400
27698260
27699140
27700028
27700932
27701844
27702736
27703648
27704544
27705428
27706328
27707228
27708116
27709008
27709912
27710792
27711668
27712556
27713476
27714356
27715264
27716184
27717116
27717996
27718860
27719732
27720600
27721460
27722340
27723192
27724056
27724928
27725808
27726676
27727564
27728468
27729352
27730212
27731064
27731948
27732844
27733700
27734568
27735468
27736388
27737276
27738164
27739056
27739916
27740752
27741580
27742404
27743240
27744080
27744952
27745828
27746764
27747716
27748628
27749568
27750516
27751412
27752264
27753124
27753992
27754888
27755756
27756612
27757480
27758376
27759300
27760228
27761116
27762016
27762904
27763800
27764712
27765600
27766528
27767472
27768368
27769292
27770204
27771116
27772012
27772908
27773824
27774728
27775656
27776576
27777440
27778316
27779180
27780032
27780864
27781672
27782476
27783276
27784056
27784848
27785656
27786464
27787300
27788164
27789012
27789852
27790704
27791572
27792452
27793296
27794124
27794936
27795760
27796644
27797520
27798452
27799428
27800356
27801300
27802260
27803172
27804104
27805024
27805916
27806780
27807648
27808496
27809324
27810176
27811072
27811980
27812888
27813804
27814684
27815564
27816456
27817344
27818236
27819124
27820012
27820908
27821784
27822644
27823500
27824396
27825328
27826240
27827152
27828080
27828972
27829876
27830792
27831704
27832588
27833480
27834372
27835256
27836136
27837040
27837912
27838792
27839696
27840588
27841476
27842336
27843204
27844096
27844980
27845892
27846792
27847652
27848528
27849408
27850244
27851088
27851940
27852796
27853668
27854556
27855480
27856412
27857328
27858248
27859148
27860044
27860912
27861760
27862584
27863396
27864196
27864996
27865772
27866548
27867364
27868220
27869108
27870008
27870940
27871880
27872812
27873700
27874616
27875532
27876468
27877404
27878336
27879272
27880164
27881052
27881936
27882808
27883700
27884572
27885420
27886280
27887176
27888100
27889004
27889912
27890804
27891672
27892540
27893404
27894236
27895068
27895884
27896684
27897480
27898260
27899028
27899796
27900620
27901496
27902420
27903352
27904312
27905264
27906176
27907100
27908004
27908904
27909804
27910676
27911572
27912480
27913368
27914280
27915208
27916152
27917084
27918012
27918968
27919900
27920844
27921800
27922744
27923648
27924560
27925480
27926392
27927280
27928176
27929052
27929932
27930800
27931656
27932528
27933400
27934260
27935136
27936020
27936900
27937796
27938688
27939588
27940460
27941324
27942184
27943036
27943876
27944732
27945564
27946404
27947240
27948068
27948908
27949760
27950600
27951448
27952284
27953108
27953932
27954752
27955572
27956396
27957212
27958020
27958868
27959756
27960640
27961528
27962400
27963280
27964144
27965012
27965880
27966748
27967600
27968468
27969340
27970204
27971076
27971948
27972832
27973700
27974576
27975472
27976336
27977208
27978060
27978884
27979700
27980528
27981340
27982152
27982964
27983792
27984652
27985540
27986452
27987364
27988272
27989188
27990100
27991004
27991912
27992800
27993684
27994576
27995480
27996412
27997336
27998268
27999168
28000068
28000992
28001916
28002852
28003792
28004688
28005580
28006464
28007344
28008216
28009084
28009964
28010844
28011704
28012548
28013396
28014232
28015084
28015928
28016756
28017612
28018472
28019312
28020164
28021008
28021860
28022708
28023548
28024408
28025272
28026120
28026964
28027784
28028596
28029396
28030176
28030956
28031752
28032556
28033380
28034240
28035112
28035984
28036868
28037752
28038644
28039520
28040392
28041260
28042128
28042992
28043840
28044700
28045588
28046452
28047300
28048160
28049040
28049956
28050852
28051716
28052576
28053424
28054276
28055116
28055952
28056804
28057676
28058540
28059392
28060256
28061128
28061988
28062840
28063680
28064508
28065324
28066132
28066928
28067712
28068488
28069292
28070096
28070916
28071796
28072680
28073536
28074428
28075296
28076180
28077080
28078004
28078928
28079816
28080712
28081600
28082480
28083352
28084220
28085104
28085988
28086872
28087752
28088608
28089476
28090348
28091212
28092076
28092948
28093812
28094696
28095572
28096448
28097348
28098244
28099116
28099972
28100812
28101636
28102444
28103236
28104036
28104872
28105728
28106584
28107464
28108356
28109244
28110128
28111008
28111864
28112708
28113576
28114464
28115352
28116228
28117092
28117976
28118864
28119756
28120648
28121520
28122428
28123332
28124200
28125080
28125948
28126804
28127652
28128480
28129296
28130112
28130928
28131748
28132616
28133468
28134324
28135204
28136068
28136936
28137808
28138712
28139608
28140528
28141464
28142404
28143316
28144240
28145132
28146012
28146880
28147720
28148540
28149340
28150136
28150928
28151724
28152512
28153316
28154108
28154892
28155684
28156464
28157252
28158044
28158840
28159652
28160480
28161304
28162168
28163024
28163864
28164736
28165608
28166508
28167412
28168316
28169208
28170108
28171000
28171908
28172776
28173644
28174520
28175400
28176276
28177160
28178040
28178920
28179792
28180656
28181528
28182436
28183348
28184264
28185144
28186032
28186908
28187780
28188652
28189492
28190324
28191144
28191948
28192764
28193576
28194380
28195208
28196036
28196872
28197720
28198540
28199372
28200224
28201048
28201852
28202664
28203476
28204304
28205148
28206004
28206872
28207740
28208596
28209460
28210340
28211244
28212168
28213084
28213976
28214880
28215780
28216684
28217584
28218484
28219368
28220256
28221152
28222044
28222928
28223832
28224692
28225560
28226424
28227264
28228112
28228964
28229792
28230604
28231404
28232200
28233012
28233828
28234640
28235452
28236244
28237020
28237792
28238576
28239396
28240236
28241076
28241964
28242860
28243772
28244676
28245568
28246468
28247368
28248236
28249116
28250004
28250888
28251788
28252660
28253548
28254444
28255288
28256140
28257004
28257880
28258764
28259628
28260492
28261336
28262156
28262972
28263776
28264576
28265388
28266220
28267076
28267964
28268636
28269496
28270344
28271168
28271960
28272740
28273488
28274228
28274968
28275708
28276448
28277212
28278008
28278844
28279684
28280560
28281440
28282332
28283196
28284076
28284960
28285840
28286712
28287560
28288424
28289312
28290228
28291164
28292100
28293040
28293948
28294840
28295748
28296656
28297520
28298376
28299192
28300004
28300828
28301668
28302536
28303424
28304292
28305168
28306024
28306888
28307764
28308644
28309528
28310428
28311336
28312252
28313136
28314012
28314920
28315840
28316776
28317704
28318612
28319516
28320416
28321308
28322196
28323064
28323944
28324808
28325656
28326488
28327304
28328116
28328916
28329704
28330472
28331260
28332048
28332872
28333616
28334396
28335180
28335976
28336760
28337540
28338332
28339112
28339892
28340692
28341488
28342284
28343084
28343892
28344752
28345640
28346536
28347440
28348304
28349144
28349984
28350824
28351676
28352580
28353524
28354408
28355320
28356208
28357080
28357936
28358792
28359656
28360508
28361372
28362248
28363084
28363944
28364820
28365716
28366624
28367512
28368428
28369348
28370272
28371176
28372068
28372916
28373796
28374688
28375572
28376480
28377404
28378324
28379232
28380136
28381048
28381980
28382912
28383824
28384732
28385612
28386468
28387316
28388164
28389020
28389892
28390736
28391564
28392380
28393180
28393956
28394752
28395568
28396400
28397244
28398068
28398916
28399776
28400636
28401516
28402368
28403232
28404100
28404968
28405832
28406680
28407512
28408376
28409232
28410064
28410884
28411672
28412440
28413208
28413972
28414712
28415456
28416184
28416912
28417644
28418372
28419088
28419804
28420524
28421236
28421960
28422680
28423404
28424140
28424900
28425684
28426480
28427280
28428084
28428888
28429684
28430472
28431268
28432072
28432876
28433700
28434540
28435384
28436236
28437072
28437920
28438772
28439608
28440444
28441296
28442132
28442964
28443800
28444616
28445440
28446280
28447092
28447904
28448724
28449532
28450348
28451164
28451956
28452760
28453568
28454356
28455148
28455932
28456712
28457500
28458284
28459056
28459832
28460604
28461360
28462140
28462924
28463708
28464512
28465324
28466120
28466936
28467740
28468524
28469324
28470124
28470920
28471712
28472496
28473276
28474084
28474900
28475716
28476532
28477360
28478192
28479024
28479856
28480668
28481472
28482268
28483040
28483812
28484572
28485324
28486080
28486828
28487568
28488320
28489064
28489812
28490568
28491316
28492056
28492808
28493548
28494300
28495068
28495848
28496624
28497420
28498228
28499028
28499824
28500600
28501388
28502228
28503052
28503900
28504764
28505604
28506440
28507268
28508056
28508864
28509688
28510492
28511320
28512168
28513032
28513884
28514736
28515592
28516420
28517232
28518024
28518804
28519564
28520316
28521068
28521820
28522572
28523332
28524080
28524820
28525568
28526316
28527072
28527844
28528620
28529404
28530188
28530984
28531784
28532584
28533384
28534216
28535080
28535912
28536744
28537572
28538380
28539188
28539980
28540760
28541548
28542332
28543132
28543944
28544752
28545584
28546420
28547268
28548124
28548968
28549812
28550644
28551504
28552364
28553276
28554264
28555216
28556156
28557068
28557940
28558812
28559672
28560548
28561444
28562376
28563280
28564192
28565068
28565952
28566824
28567700
28568552
28569388
28570228
28571064
28571884
28572712
28573528
28574340
28575268
28576100
28576940
28577768
28578620
28579532
28580532
28581464
28582348
28583244
28584108
28584940
28585768
28586580
28587384
28588204
28589028
28589844
28590680
28591520
28592344
28593272
28594104
28594924
28595728
28596520
28597328
28598160
28599004
28599888
28600756
28601628
28602500
28603340
28604160
28604964
28605760
28606568
28607376
28608184
28608988
28609796
28610600
28611400
28612216
28613048
28613908
28614796
28615688
28616552
28617396
28618244
28619080
28619908
28620744
28621580
28622412
28623256
28624096
28624936
28625784
28626644
28627504
28628352
28629216
28630092
28630988
28631852
28632724
28633604
28634472
28635336
28636188
28637040
28637888
28638720
28639568
28640424
28641280
28642124
28642968
28643812
28644672
28645520
28646364
28647216
28648056
28648888
28649708
28650508
28651316
28652116
28652904
28653692
28654480
28655280
28656104
28656916
28657732
28658568
28659408
28660260
28661108
28661936
28662760
28663564
28664360
28665156
28665940
28666720
28667508
28668312
28669128
28669944
28670760
28671572
28672376
28673160
28673932
28674700
28675456
28676212
28676956
28677688
28678408
28679144
28679896
28680660
28681440
28682240
28683052
28683884
28684732
28685592
28686452
28687320
28688148
28688964
28689764
28690536
28691304
28692044
28692784
28693524
28694264
28694996
28695740
28696476
28697208
28697952
28698708
28699456
28700232
28701024
28701800
28702588
28703380
28704164
28704956
28705740
28706508
28707280
28708064
28708840
28709604
28710384
28711156
28711952
28712740
28713512
28714300
28715120
28715936
28716760
28717572
28718384
28719200
28720008
28720800
28721592
28722368
28723136
28723904
28724672
28725428
28726188
28726948
28727708
28728476
28729248
28730036
28730828
28731752
28732560
28733344
28734232
28735016
28735772
28736508
28737248
28737976
28738704
28739436
28740184
28740920
28741660
28742408
28743144
28743876
28744588
28745292
28746008
28746748
28747484
28748216
28748952
28749688
28750428
28751168
28751888
28752600
28753308
28754012
28754740
28755516
28756328
28757128
28757920
28758744
28759564
28760408
28761332
28762132
28762916
28763676
28764416
28765160
28765920
28766724
28767556
28768356
28769172
28770016
28770864
28771716
28772540
28773484
28774304
28775088
28775856
28776636
28777448
28778440
28779256
28780084
28780916
28781732
28782544
28783352
28784176
28785004
28785816
28786652
28787528
28788380
28789208
28790080
28790924
28791756
28792684
28793488
28794400
28795156
28795916
28796708
28797556
28798428
28799268
28800132
28801040
28801892
28802748
28803608
28804468
28805304
28806268
28807084
28807892
28808696
28809636
28810440
28811244
28812056
28812860
28813828
28814656
28815492
28816312
28817120
28818124
28818976
28819808
28820652
28821512
28822384
28823244
28824156
28825092
28825960
28826844
28827732
28828624
28829472
28830432
28831280
28832080
28832836
28833608
28834416
28835292
28836160
28837024
28837916
28838836
28839720
28840616
28841508
28842404
28843248
28844108
28844976
28845824
28846652
28847500
28848484
28849352
28850240
28851140
28852012
28852856
28853768
28854660
28855508
28856352
28857336
28858192
28859008
28859788
28860584
28861604
28862476
28863328
28864168
28864992
28865800
28866588
28867368
28868152
28868964
28869788
28870604
28871404
28872176
28872920
28873652
28874380
28875104
28875836
28876600
28877384
28878188
28878992
28879784
28880592
28881380
28882164
28882924
28883696
28884456
28885204
28885932
28886700
28887484
28888348
28889224
28890064
28890880
28891692
28892468
28893216
28893992
28894756
28895560
28896372
28897180
28897964
28898752
28899504
28900260
28901044
28901824
28902612
28903404
28904220
28905024
28905840
28906672
28907524
28908496
28909324
28910132
28910896
28911644
28912436
28913248
28914068
28914864
28915652
28916452
28917268
28918096
28918940
28919776
28920596
28921416
28922224
28923024
28923808
28924580
28925352
28926164
28927008
28927836
28928680
28929548
28930404
28931232
28932048
28932860
28933660
28934444
28935224
28936004
28936784
28937588
28938416
28939212
28940024
28940828
28941612
28942384
28943152
28943896
28944640
28945396
28946172
28946968
28947752
28948548
28949344
28950128
28950884
28951640
28952408
28953160
28953936
28954724
28955500
28956256
28957004
28957772
28958564
28959352
28960124
28960880
28961644
28962388
28963124
28963860
28964584
28965308
28966064
28966808
28967564
28968316
28969104
28969900
28970724
28971524
28972324
28973136
28973932
28974724
28975532
28976324
28977112
28977900
28978676
28979444
28980200
28980960
28981696
28982448
28983196
28983936
28984672
28985412
28986148
28986884
28987616
28988336
28989052
28989768
28990492
28991216
28991936
28992656
28993376
28994100
28994832
28995556
28996268
28996980
28997684
28998384
28999084
28999764
29000444
29001128
29001804
29002476
29003144
29003820
29004508
29005228
29005992
29006776
29007548
29008304
29009044
29009764
29010480
29011192
29011888
29012596
29013312
29014024
29014748
29015488
29016236
29016984
29017732
29018492
29019256
29020012
29020764
29021500
29022244
29022988
29023720
29024444
29025164
29025880
29026596
29027320
29028040
29028768
29029512
29030268
29031024
29031800
29032584
29033372
29034172
29034984
29035784
29036588
29037384
29038160
29038940
29039708
29040468
29041220
29041976
29042740
29043520
29044324
29045132
29045972
29046792
29047612
29048436
29049232
29050004
29050788
29051556
29052316
29053076
29053836
29054596
29055372
29056144
29056912
29057696
29058484
29059260
29060036
29060812
29061580
29062348
29063112
29063872
29064636
29065400
29066160
29066932
29067696
29068456
29069224
29069984
29070740
29071508
29072268
29073012
29073756
29074504
29075264
29076024
29076772
29077516
29078256
29078996
29079728
29080456
29081184
29081912
29082660
29083452
29084224
29085032
29085848
29086644
29087444
29088240
29089000
29089776
29090544
29091312
29092072
29092844
29093620
29094388
29095196
29096028
29096856
29097668
29098500
29099372
29100304
29101208
29102164
29103128
29104072
29104976
29105876
29106792
29107656
29108536
29109428
29110288
29111148
29112016
29112840
29113652
29114468
29115320
29116172
29116996
29117836
29118696
29119524
29120372
29121240
29122124
29123008
29123876
29124756
29125612
29126444
29127320
29128264
29129180
29130084
29130996
29131924
29132828
29133712
29134600
29135476
29136348
29137260
29138140
29138992
29139860
29140732
29141588
29142464
29143376
29144276
29145148
29146040
29146952
29147828
29148716
29149616
29150528
29151404
29152308
29153216
29154136
29155024
29155944
29156848
29157704
29158592
29159480
29160372
29161256
29162132
29162996
29163852
29164740
29165632
29166468
29167320
29168188
29169036
29169876
29170744
29171640
29172528
29173400
29174308
29175236
29176120
29177016
29177916
29178780
29179612
29180456
29181364
29182268
29183184
29184108
29185012
29185928
29186836
29187716
29188628
29189536
29190420
29191320
29192220
29193132
29194028
29194912
29195808
29196688
29197548
29198420
29199288
29200144
29201004
29201856
29202712
29203564
29204440
29205336
29206192
29207084
29207968
29208820
29209684
29210516
29211324
29212132
29212932
29213716
29214516
29215328
29216128
29216932
29217752
29218584
29219420
29220248
29221096
29221932
29222736
29223580
29224464
29225348
29226216
29227092
29228004
29228920
29229824
29230728
29231612
29232472
29233336
29234200
29235048
29235924
29236808
29237696
29238596
29239500
29240416
29241292
29242176
29243068
29243948
29244832
29245728
29246580
29247420
29248268
29249136
29249996
29250848
29251724
29252580
29253440
29254324
29255200
29256052
29256908
29257736
29258576
29259428
29260268
29261124
29261996
29262856
29263736
29264620
29265488
29266348
29267216
29268104
29268956
29269828
29270716
29271584
29272436
29273324
29274232
29275116
29276008
29276920
29277840
29278752
29279660
29280556
29281436
29282324
29283208
29284088
29285004
29285920
29286792
29287692
29288592
29289488
29290388
29291288
29292168
29293048
29293964
29294864
29295748
29296640
29297504
29298384
29299280
29300168
29301036
29301928
29302816
29303680
29304552
29305432
29306316
29307204
29308104
29308996
29309916
29310836
29311712
29312592
29313492
29314372
29315228
29316088
29316924
29317748
29318576
29319432
29320336
29321216
29322096
29322996
29323900
29324776
29325660
29326556
29327464
29328332
29329208
29330076
29330928
29331784
29332644
29333520
29334388
29335284
29336148
29337024
29337908
29338772
29339652
29340540
29341416
29342300
29343200
29344112
29345012
29345924
29346840
29347764
29348652
29349544
29350452
29351372
29352252
29353144
29354020
29354884
29355756
29356652
29357552
29358436
29359332
29360220
29361076
29361952
29362852
29363724
29364592
29365476
29366380
29367256
29368132
29369032
29369912
29370792
29371692
29372604
29373520
29374436
29375336
29376224
29377116
29378000
29378872
29379748
29380628
29381492
29382352
29383248
29384120
29384972
29385840
29386720
29387584
29388452
29389328
29390212
29391096
29391968
29392828
29393680
29394556
29395440
29396288
29397164
29398048
29398928
29399800
29400688
29401564
29402460
29403360
29404248
29405144
29406036
29406916
29407784
29408664
29409564
29410436
29411340
29412244
29413148
29414032
29414924
29415816
29416700
29417576
29418440
29419312
29420184
29421060
29421912
29422792
29423664
29424500
29425356
29426224
29427080
29427932
29428788
29429676
29430560
29431452
29432348
29433224
29434092
29434960
29435804
29436664
29437548
29438404
29439292
29440200
29441068
29441944
29442816
29443720
29444612
29445488
29446388
29447276
29448160
29449056
29449928
29450784
29451648
29452496
29453328
29454176
29455048
29455916
29456780
29457660
29458552
29459428
29460336
29461248
29462136
29463028
29463912
29464776
29465644
29466508
29467376
29468248
29469144
29470056
29470936
29471840
29472740
29473596
29474464
29475360
29476260
29477152
29478040
29478904
29479788
29480692
29481596
29482476
29483360
29484220
29485044
29485860
29486676
29487524
29488396
29489260
29490136
29491032
29491892
29492760
29493652
29494524
29495396
29496288
29497172
29498048
29498936
29499820
29500684
29501556
29502448
29503336
29504244
29505172
29506096
29507000
29507924
29508828
29509708
29510596
29511496
29512392
29513248
29514112
29514956
29515764
29516580
29517416
29518268
29519144
29520044
29520964
29521884
29522752
29523620
29524500
29525356
29526228
29527100
29527972
29528868
29529772
29530676
29531592
29532524
29533440
29534336
29535252
29536136
29537016
29537912
29538804
29539672
29540560
29541444
29542304
29543204
29544108
29545008
29545904
29546800
29547672
29548520
29549380
29550252
29551108
29551988
29552896
29553800
29554648
29555492
29556348
29557236
29558096
29558984
29559892
29560828
29561744
29562660
29563596
29564520
29565436
29566352
29567252
29568136
29569060
29569988
29570920
29571840
29572776
29573712
29574636
29575576
29576528
29577460
29578404
29579360
29580328
29581224
29582124
29583032
29583928
29584828
29585740
29586676
29587572
29588428
29589300
29590180
29591096
29592056
29593004
29593944
29594872
29595776
29596688
29597600
29598492
29599392
29600292
29601188
29602088
29602980
29603860
29604700
29605528
29606340
29607152
29607992
29608820
29609672
29610548
29611408
29612292
29613200
29614128
29615020
29615936
29616856
29617756
29618636
29619528
29620460
29621360
29622264
29623164
29624080
29624968
29625832
29626708
29627600
29628468
29629360
29630264
29631168
29632052
29632940
29633816
29634672
29635520
29636376
29637240
29638080
29638944
29639816
29640716
29641596
29642484
29643388
29644272
29645164
29646080
29646964
29647832
29648724
29649596
29650472
29651356
29652236
29653132
29654020
29654892
29655752
29656624
29657504
29658376
29659260
29660148
29661012
29661892
29662776
29663648
29664540
29665436
29666304
29667204
29668108
29669000
29669888
29670784
29671672
29672564
29673456
29674328
29675200
29676092
29676968
29677840
29678728
29679592
29680456
29681332
29682212
29683080
29683964
29684860
29685760
29686656
29687560
29688464
29689360
29690244
29691128
29691996
29692852
29693708
29694568
29695408
29696248
29697096
29697964
29698840
29699720
29700584
29701452
29702332
29703196
29704072
29704976
29705888
29706784
29707688
29708600
29709488
29710372
29711248
29712108
29712972
29713868
29714736
29715624
29716524
29717408
29718316
29719228
29720108
29721016
29721936
29722844
29723740
29724640
29725516
29726408
29727296
29728136
29728984
29729808
29730632
29731428
29732204
29733004
29733788
29734560
29735320
29736064
29736808
29737544
29738272
29739000
29739732
29740460
29741196
29741952
29742700
29743480
29744256
29745036
29745808
29746592
29747388
29748180
29748984
29749796
29750624
29751456
29752264
29753064
29753872
29754696
29755492
29756284
29757060
29757824
29758592
29759336
29760080
29760848
29761604
29762372
29763136
29763892
29764640
29765388
29766148
29766908
29767684
29768468
29769252
29770028
29770804
29771492
29772332
29773100
29773852
29774440
29775236
29776032
29776832
29777652
29778460
29779288
29780096
29780904
29781716
29782548
29783372
29784196
29785052
29785916
29786796
29787664
29788528
29789392
29790228
29791040
29791860
29792696
29793532
29794396
29795276
29796136
29797024
29797920
29798796
29799696
29800612
29801484
29802360
29803252
29804108
29804980
29805816
29806652
29807496
29808320
29809132
29809944
29810748
29811576
29812372
29813164
29813972
29814768
29815564
29816340
29817116
29817896
29818700
29819508
29820348
29821208
29822060
29822944
29823860
29824756
29825668
29826588
29827516
29828492
29829428
29830356
29831264
29832164
29833084
29833968
29834892
29835832
29836744
29837676
29838600
29839540
29840504
29841424
29842368
29843320
29844244
29845188
29846140
29847076
29848024
29848964
29849888
29850820
29851756
29852656
29853564
29854492
29855396
29856320
29857248
29858136
29859052
29859976
29860872
29861764
29862612
29863448
29864264
29865112
29866064
29867004
29867960
29868916
29869832
29870784
29871736
29872660
29873600
29874544
29875460
29876392
29877356
29878312
29879288
29880272
29881232
29882220
29883224
29884176
29885144
29886092
29887012
29887952
29888908
29889888
29890812
29891760
29892700
29893600
29894496
29895380
29896280
29897168
29898040
29898960
29899836
29900688
29901580
29902548
29903500
29904492
29905480
29906432
29907396
29908392
29909336
29910304
29911264
29912188
29913132
29914036
29914912
29915820
29916744
29917632
29918552
29919508
29920500
29921444
29922440
29923460
29924452
29925468
29926448
29927396
29928344
29929296
29930220
29931140
29932060
29932940
29933832
29934760
29935688
29936668
29937660
29938600
29939556
29940476
29941440
29942412
29943372
29944344
29945328
29946284
29947264
29948252
29949156
29950060
29950972
29951872
29952804
29953732
29954664
29955652
29956640
29957592
29958568
29959564
29960516
29961492
29962476
29963428
29964416
29965400
29966360
29967336
29968308
29969260
29970220
29971184
29972100
29973028
29973968
29974888
29975832
29976800
29977724
29978672
29979624
29980532
29981412
29982300
29983224
29984120
29985020
29985936
29986816
29987692
29988592
29989476
29990404
29991356
29992260
29993208
29994172
29995116
29996084
29997072
29998016
29998944
29999896
30000864
30001832
30002828
30003868
30004836
30005780
30006708
30007648
30008620
30009588
30010552
30011540
30012508
30013496
30014496
30015456
30016436
30017416
30018356
30019304
30020260
30021196
30022148
30023104
30024048
30025004
30025964
30026880
30027824
30028772
30029696
30030640
30031584
30032528
30033504
30034480
30035420
30036384
30037348
30038276
30039220
30040172
30041096
30042024
30042960
30043876
30044804
30045756
30046672
30047592
30048536
30049452
30050404
30051364
30052276
30053200
30054100
30054952
30055784
30056608
30057416
30058224
30059012
30059812
30060628
30061432
30062236
30063052
30063900
30064772
30065668
30066600
30067504
30068416
30069348
30070292
30071264
30072276
30073260
30074272
30075284
30076352
30077316
30078236
30079176
30080132
30081096
30082076
30083088
30084040
30085108
30086112
30087156
30088120
30089112
30090160
30091108
30092080
30093012
30094000
30095012
30096084
30097084
30098076
30099132
30100092
30101040
30102060
30103136
30104136
30105244
30106224
30107220
30108248
30109296
30110256
30111240
30112256
30113316
30114384
30115436
30116496
30117544
30118508
30119496
30120508
30121512
30122468
30123452
30124456
30125404
30126360
30127324
30128256
30129224
30130200
30131148
30132080
30133048
30134056
30135012
30135996
30136996
30138016
30139028
30140008
30140996
30142000
30142960
30143916
30144864
30145784
30146700
30147584
30148428
30149332
30150328
30151336
30152348
30153292
30154272
30155260
30156200
30157176
30158164
30159116
30160072
30161064
30162092
30163068
30164064
30165072
30166076
30167076
30168044
30169040
30170056
30171092
30172092
30173100
30174112
30175076
30176060
30177028
30177948
30178864
30179792
30180724
30181660
30182636
30183676
30184664
30185692
30186704
30187648
30188588
30189504
30190412
30191336
30192272
30193236
30194260
30195256
30196276
30197324
30198332
30199336
30200324
30201296
30202300
30203304
30204296
30205292
30206308
30207300
30208304
30209300
30210260
30211240
30212204
30213152
30214120
30215100
30216048
30217004
30217972
30218920
30219880
30220836
30221756
30222700
30223648
30224576
30225540
30226504
30227448
30228392
30229340
30230264
30231212
30232164
30233096
30234060
30235012
30235924
30236852
30237764
30238676
30239616
30240560
30241500
30242472
30243436
30244380
30245320
30246260
30247196
30248108
30249000
30249900
30250788
30251660
30252520
30253376
30254220
30255060
30255888
30256728
30257588
30258436
30259300
30260212
30261088
30261968
30262888
30263928
30264928
30265960
30266984
30267972
30268976
30269972
30270932
30271928
30272916
30273888
30274868
30275816
30276796
30277812
30278784
30279776
30280784
30281760
30282772
30283788
30284756
30285760
30286760
30287740
30288752
30289748
30290724
30291736
30292740
30293704
30294688
30295700
30296652
30297636
30298604
30299552
30300516
30301468
30302396
30303360
30304340
30305264
30306236
30307240
30308188
30309184
30310180
30311152
30312144
30313148
30314132
30315116
30316108
30317072
30318048
30319008
30319984
30320976
30321916
30322884
30323872
30324804
30325764
30326732
30327688
30328664
30329636
30330584
30331560
30332556
30333500
30334464
30335444
30336380
30337352
30338320
30339256
30340228
30341196
30342148
30343124
30344116
30345068
30346040
30347028
30347972
30348908
30349844
30350764
30351664
30352568
30353456
30354372
30355324
30356268
30357228
30358208
30359168
30360144
30361140
30362088
30363076
30364044
30365012
30365968
30366960
30367912
30368884
30369840
30370752
30371656
30372568
30373456
30374364
30375320
30376260
30377172
30378056
30378988
30379968
30380964
30381972
30382932
30383920
30384916
30385848
30386812
30387776
30388696
30389620
30390548
30391460
30392416
30393380
30394296
30395228
30396168
30397076
30397976
30398880
30399744
30400584
30401436
30402296
30403140
30403980
30404832
30405708
30406608
30407516
30408468
30409420
30410360
30411284
30412176
30413068
30413964
30414860
30415800
30416796
30417776
30418812
30419852
30420796
30421764
30422668
30423592
30424560
30425524
30426460
30427396
30428356
30429312
30430216
30431132
30432064
30432992
30433952
30434920
30435856
30436808
30437780
30438772
30439704
30440624
30441544
30442480
30443448
30444372
30445328
30446304
30447296
30448240
30449196
30450176
30451100
30452028
30452932
30453824
30454684
30455544
30456440
30457380
30458292
30459248
30460220
30461156
30462088
30463028
30463996
30464924
30465864
30466772
30467640
30468500
30469332
30470220
30471172
30472104
30473044
30474000
30474956
30475876
30476800
30477740
30478680
30479596
30480512
30481444
30482400
30483316
30484248
30485188
30486096
30487020
30487924
30488808
30489724
30490684
30491640
30492652
30493688
30494704
30495732
30496744
30497724
30498712
30499704
30500652
30501608
30502576
30503552
30504484
30505464
30506488
30507476
30508436
30509412
30510412
30511380
30512352
30513360
30514304
30515280
30516276
30517248
30518216
30519156
30520072
30520972
30521916
30522860
30523804
30524776
30525752
30526684
30527644
30528596
30529532
30530480
30531432
30532364
30533304
30534272
30535204
30536096
30536984
30537864
30538736
30539628
30540516
30541436
30542384
30543340
30544236
30545132
30546020
30546876
30547752
30548668
30549588
30550552
30551528
30552488
30553480
30554472
30555452
30556444
30557432
30558396
30559384
30560388
30561364
30562344
30563272
30564172
30565072
30565960
30566864
30567764
30568676
30569632
30570600
30571568
30572544
30573524
30574512
30575524
30576552
30577648
30578672
30579624
30580584
30581508
30582400
30583276
30584136
30584984
30585844
30586720
30587620
30588572
30589580
30590552
30591532
30592528
30593472
30594444
30595412
30596320
30597256
30598204
30599164
30600084
30601012
30601924
30602816
30603672
30604512
30605320
30606132
30606932
30607716
30608484
30609256
30610012
30610764
30611516
30612256
30612992
30613752
30614528
30615320
30616144
30617020
30617956
30618932
30619920
30620888
30621868
30622872
30623820
30624780
30625748
30626700
30627684
30628672
30629612
30630568
30631548
30632492
30633444
30634404
30635332
30636268
30637200
30638108
30639044
30639976
30640868
30641784
30642704
30643608
30644508
30645396
30646280
30647156
30648036
30648932
30649800
30650692
30651592
30652476
30653364
30654236
30655076
30655916
30656744
30657564
30658396
30659220
30660044
30660868
30661680
30662496
30663320
30664128
30664944
30665764
30666588
30667440
30668288
30669152
30670048
30670936
30671832
30672704
30673556
30674428
30675284
30676136
30677004
30677896
30678788
30679696
30680608
30681512
30682420
30683296
30684176
30685032
30685876
30686700
30687520
30688332
30689128
30689928
30690732
30691548
30692352
30693172
30694016
30694856
30695724
30696584
30697580
30698456
30699432
30700276
30701120
30702004
30702996
30703884
30704864
30705744
30706720
30707576
30708548
30709404
30710244
30711240
30712104
30712968
30713848
30714696
30715700
30716568
30717440
30718276
30719128
30719996
30720872
30721868
30722776
30723788
30724648
30725512
30726496
30727356
30728340
30729192
30730056
30730988
30731948
30732900
30733864
30734844
30735772
30736672
30737556
30738436
30739324
30740184
30741044
30741892
30742728
30743596
30744452
30745316
30746232
30747140
30748048
30748964
30749844
30750716
30751600
30752464
30753328
30754196
30755120
30756048
30756928
30757828
30758728
30759588
30760448
30761312
30762172
30763052
30763892
30764720
30765576
30766460
30767336
30768228
30769112
30769984
30770844
30771684
30772548
30773424
30774284
30775184
30776104
30777024
30777940
30778880
30779800
30780676
30781568
30782448
30783352
30784240
30785100
30785992
30786928
30787824
30788752
30789668
30790560
30791436
30792324
30793220
30794088
30794940
30795836
30796752
30797644
30798552
30799432
30800292
30801120
30801944
30802752
30803544
30804324
30805100
30805892
30806716
30807528
30808388
30809300
30810248
30811172
30812144
30813156
30814188
30815148
30816092
30817088
30818080
30819008
30819960
30820944
30821944
30822864
30823804
30824740
30825684
30826596
30827520
30828448
30829332
30830200
30831056
30831944
30832824
30833708
30834616
30835508
30836404
30837340
30838324
30839244
30840196
30841168
30842148
30843116
30844116
30845128
30846096
30847072
30848052
30849000
30849908
30850844
30851824
30852764
30853736
30854724
30855700
30856628
30857532
30858452
30859364
30860220
30861068
30861924
30862860
30863832
30864752
30865692
30866660
30867636
30868660
30869576
30870468
30871364
30872320
30873308
30874216
30875160
30876120
30877068
30878000
30878912
30879860
30880808
30881748
30882692
30883636
30884576
30885472
30886392
30887328
30888228
30889120
30890056
30891020
30891944
30892888
30893852
30894832
30895792
30896772
30897784
30898804
30899780
30900772
30901752
30902704
30903632
30904572
30905524
30906444
30907408
30908388
30909352
30910276
30911216
30912184
30913120
30914068
30915028
30915976
30916888
30917784
30918700
30919588
30920444
30921288
30922164
30923068
30924056
30925076
30926092
30927020
30927988
30928976
30929960
30930928
30931924
30932952
30933928
30934968
30935908
30936816
30937704
30938556
30939400
30940228
30941040
30941872
30942708
30943592
30944476
30945380
30946304
30947312
30948348
30949344
30950368
30951472
30952528
30953608
30954728
30955716
30956780
30957900
30959020
30960040
30961092
30962176
30963176
30964300
30965228
30966156
30967108
30968036
30969060
30970192
30971212
30972340
30973336
30974284
30975188
30976116
30977052
30978068
30979052
30980092
30981044
30982008
30982980
30983936
30984948
30986016
30987068
30988100
30989180
30990204
30991192
30992152
30993140
30994172
30995176
30996236
30997316
30998308
30999404
31000432
31001480
31002420
31003320
31004188
31005052
31005904
31006940
31008028
31009056
31010100
31011124
31012080
31013076
31014124
31015164
31016180
31017220
31018264
31019224
31020212
31021188
31022124
31023060
31024016
31024988
31025936
31026868
31027808
31028840
31029844
31030884
31031924
31032908
31033924
31034948
31035936
31036968
31038008
31039004
31040036
31041068
31042068
31043056
31044060
31045032
31046036
31047056
31048028
31049028
31050032
31051000
31051968
31052968
31053956
31054892
31055852
31056844
31057796
31058780
31059780
31060744
31061736
31062740
31063716
31064712
31065732
31066692
31067680
31068664
31069616
31070596
31071576
31072536
31073516
31074520
31075472
31076452
31077456
31078416
31079416
31080412
31081384
31082388
31083352
31084308
31085308
31086308
31087252
31088216
31089156
31090052
31090940
31091860
31092832
31093800
31094804
31095840
31096828
31097856
31098892
31099872
31100876
31101884
31102868
31103872
31104892
31105884
31106880
31107816
31108728
31109664
31110616
31111544
31112472
31113432
31114388
31115344
31116300
31117228
31118164
31119136
31120068
31120976
31121896
31122840
31123792
31124736
31125668
31126580
31127480
31128376
31129268
31130160
31131036
31131912
31132808
31133708
31134616
31135532
31136416
31137292
31138180
31139068
31139952
31140828
31141684
31142572
31143452
31144308
31145160
31145980
31146796
31147608
31148416
31149296
31150192
31151068
31151948
31152828
31153792
31154760
31155696
31156652
31157636
31158556
31159452
31160332
31161208
31162080
31162968
31163860
31164740
31165672
31166664
31167604
31168556
31169520
31170476
31171396
31172324
31173276
31174200
31175108
31176000
31176920
31177856
31178760
31179680
31180576
31181468
31182408
31183336
31184308
31185288
31186256
31187200
31188116
31189052
31190004
31190912
31191632
31192700
31193616
31194544
31195488
31196420
31197312
31198236
31199180
31200120
31201036
31201960
31202860
31203760
31204684
31205616
31206564
31207508
31208432
31209352
31210304
31211236
31212192
31213156
31214068
31215004
31215908
31216776
31217660
31218528
31219372
31220208
31221076
31222016
31222992
31223956
31224932
31225876
31226788
31227708
31228628
31229532
31230404
31231284
31232164
31233040
31233912
31234788
31235688
31236580
31237488
31238444
31239380
31240280
31241184
31242084
31242968
31243844
31244696
31245544
31246396
31247248
31248104
31248936
31249780
31250644
31251496
31252364
31253252
31254164
31255120
31256088
31257024
31257924
31258840
31259768
31260652
31261532
31262440
31263344
31264236
31265128
31266048
31267000
31267908
31268852
31269800
31270748
31271668
31272588
31273520
31274464
31275376
31276320
31277264
31278180
31279072
31279980
31280892
31281784
31282664
31283572
31284492
31285388
31286284
31287204
31288148
31289064
31290012
31290956
31291900
31292820
31293760
31294724
31295656
31296576
31297516
31298456
31299384
31300324
31301276
31302228
31303112
31303984
31304860
31305744
31306636
31307548
31308468
31309344
31310208
31311068
31311900
31312704
31313496
31314272
31315044
31315820
31316580
31317336
31318100
31318856
31319628
31320408
31321184
31321972
31322812
31323644
31324548
31325472
31326388
31327300
31328196
31329056
31329900
31330708
31331508
31332316
31333116
31333912
31334728
31335568
31336428
31337292
31338124
31338964
31339788
31340584
31341380
31342164
31342952
31343744
31344544
31345332
31346128
31346932
31347724
31348528
31349320
31350108
31350904
31351696
31352488
31353292
31354092
31354904
31355736
31356584
31357432
31358288
31359144
31360000
31360884
31361772
31362628
31363480
31364312
31365136
31365944
31366776
31367632
31368476
31369316
31370132
31370932
31371724
31372508
31373264
31374036
31374796
31375552
31376312
31377076
31377848
31378632
31379420
31380228
31381052
31381864
31382668
31383464
31384252
31385028
31385804
31386572
31387320
31388080
31388832
31389572
31390304
31391036
31391776
31392532
31393300
31394064
31394840
31395644
31396436
31397256
31398072
31398884
31399720
31400540
31401364
31402176
31402976
31403752
31404524
31405280
31406040
31406804
31407592
31408380
31409192
31410008
31410836
31411640
31412444
31413220
31413988
31414748
31415500
31416260
31417020
31417776
31418520
31419284
31420032
31420628
31421460
31422204
31422944
31423692
31424440
31425208
31425980
31426744
31427532
31428308
31429084
31429852
31430604
31431356
31432092
31432844
31433592
31434336
31435096
31435848
31436596
31437356
31438112
31438844
31439588
31440324
31441068
31441804
31442540
31443284
31444024
31444776
31445524
31446264
31447000
31447716
31448436
31449144
31449844
31450528
31451216
31451912
31452600
31453300
31454020
31454732
31455448
31456168
31456900
31457612
31458344
31459072
31459780
31460496
31461212
31461920
31462620
31463320
31464008
31464696
31465404
31466104
31466808
31467524
31468240
31468964
31469676
31470388
31471092
31471788
31472484
31473184
31473880
31474572
31475276
31475972
31476672
31477372
31478064
31478752
31479436
31480112
31480796
31481480
31482168
31482864
31483548
31484240
31484936
31485636
31486348
31487060
31487772
31488484
31489204
31489928
31490640
31491352
31492056
31492784
31493524
31494292
31495060
31495844
31496608
31497400
31498184
31499000
31499776
31500548
31501304
31502040
31502772
31503652
31504372
31505088
31505804
31506540
31507292
31508052
31508804
31509572
31510332
31511076
31511816
31512552
31513268
31513992
31514704
31515412
31516120
31516840
31517560
31518272
31518984
31519684
31520376
31521068
31521756
31522432
31523108
31523788
31524464
31525144
31525828
31526512
31527200
31527884
31528580
31529272
31529968
31530672
31531368
31532056
31532744
31533440
31534144
31534844
31535552
31536256
31536956
31537668
31538380
31539076
31539772
31540460
31541144
31541828
31542500
31543180
31543876
31544616
31545568
31546340
31547096
31547824
31548548
31549268
31549988
31550696
31551408
31552124
31552832
31553540
31554256
31554968
31555672
31556376
31557068
31557752
31558448
31559144
31559836
31560540
31561244
31561952
31562648
31563356
31564056
31564912
31565628
31566316
31567012
31567708
31568396
31569088
31569784
31570472
31571156
31571848
31572548
31573240
31573940
31574636
31575332
31576032
31576836
31577536
31578216
31578896
31579576
31580252
31580944
31581652
31582360
31583080
31583800
31584516
31585232
31585952
31586664
31587368
31588072
31588772
31589468
31590164
31590864
31591552
31592256
31592968
31593672
31594560
31595296
31596012
31596728
31597440
31598148
31598860
31599576
31600288
31600984
31601684
31602388
31603072
31603764
31604468
31605156
31605848
31606548
31607232
31607920
31608604
31609300
31609988
31610824
31611520
31612196
31612880
31613568
31614252
31614952
31615672
31616388
31617108
31617828
31618532
31619232
31619932
31620624
31621300
31621984
31622668
31623348
31624036
31624732
31625564
31626264
31626944
31627620
31628292
31628968
31629644
31630312
31630976
31631644
31632312
31632988
31633680
31634360
31635040
31635724
31636404
31637080
31637744
31638404
31639068
31639732
31640400
31641076
31641748
31642424
31643124
31643820
31644520
31645208
31645892
31646576
31647264
31647948
31648624
31649292
31649960
31650628
31651288
31651952
31652624
31653288
31653944
31654608
31655272
31655928
31656604
31657284
31657952
31658620
31659288
31659952
31660624
31661300
31661976
31662652
31663328
31664012
31664700
31665364
31666024
31666676
31667328
31667976
31668632
31669288
31669940
31670596
31671256
31671916
31672580
31673232
31673892
31674540
31675184
31675844
31676504
31677156
31677816
31678484
31679140
31679928
31680596
31681244
31681884
31682528
31683168
31683808
31684460
31685112
31685756
31686400
31687044
31687688
31688336
31688992
31689648
31690304
31690964
31691624
31692292
31692956
31693612
31694272
31694936
31695588
31696240
31696896
31697536
31698172
31698820
31699472
31700132
31700800
31701468
31702136
31702796
31703460
31704112
31704764
31705416
31706064
31706704
31707340
31707988
31708636
31709280
31709924
31710572
31711216
31711860
31712508
31713160
31713800
31714436
31715076
31715716
31716360
31717000
31717640
31718280
31718908
31719536
31720168
31720800
31721424
31722048
31722672
31723296
31723924
31724552
31725180
31725804
31726436
31727076
31727712
31728348
31728996
31729644
31730292
31730940
31731588
31732236
31732872
31733516
31734160
31734792
31735420
31736056
31736696
31737340
31737976
31738624
31739272
31739920
31740564
31741216
31741856
31742492
31743132
31743780
31744428
31745076
31745728
31746376
31747008
31747648
31748292
31748932
31749568
31750224
31750876
31751524
31752196
31752864
31753536
31754204
31754864
31755528
31756184
31756836
31757488
31758140
31758772
31759400
31760028
31760644
31761272
31761900
31762528
31763156
31763792
31764436
31765076
31765712
31766344
31766976
31767632
31768292
31768972
31769680
31770392
31771100
31771840
31772604
31773384
31774152
31774892
31775744
31776448
31777124
31777800
31778460
31779148
31779772
31780424
31781080
31781728
31782384
31783032
31783672
31784316
31784964
31785624
31786280
31786940
31787612
31788288
31788964
31789636
31790300
31790956
31791616
31792280
31792952
31793620
31794288
31794956
31795616
31796288
31796960
31797628
31798284
31798944
31799608
31800276
31800964
31801656
31802348
31803048
31803740
31804428
31805104
31805772
31806448
31807108
31807760
31808424
31809080
31809732
31810388
31811044
31811700
31812364
31813044
31813724
31814396
31815064
31815740
31816404
31817060
31817720
31818368
31819008
31819656
31820312
31820976
31821644
31822324
31823008
31823692
31824368
31825056
31825728
31826396
31827060
31827712
31828356
31828996
31829636
31830268
31830896
31831528
31832176
31832820
31833480
31834144
31834808
31835464
31836124
31836780
31837436
31838084
31838732
31839372
31840008
31840640
31841280
31841916
31842548
31843188
31843832
31844476
31845124
31845776
31846428
31847076
31847724
31848376
31849024
31849660
31850300
31850940
31851584
31852224
31852868
31853516
31854156
31854792
31855428
31856052
31856672
31857160
31857908
31858544
31859164
31859792
31860428
31861068
31861712
31862368
31863024
31863672
31864332
31864992
31865648
31866300
31866944
31867584
31868224
31868864
31869512
31870148
31870776
31871404
31872032
31872656
31873288
31873916
31874552
31875184
31875816
31876448
31877088
31877720
31878348
31878988
31879620
31880248
31880872
31881504
31882128
31882748
31883368
31884000
31884628
31885268
31885916
31886556
31887196
31887832
31888460
31889096
31889724
31890356
31890988
31891620
31892248
31892884
31893516
31894144
31894772
31895400
31896024
31896660
31897300
31897940
31898576
31899212
31899856
31900496
31901120
31901748
31902380
31903000
31903620
31904236
31904856
31905472
31906088
31906720
31907352
31907976
31908600
31909236
31909872
31910500
31911128
31911756
31912376
31912992
31913620
31914248
31914872
31915496
31916124
31916756
31917392
31918032
31918672
31919308
31919932
31920552
31921172
31921792
31922412
31923036
31923664
31924284
31924908
31925540
31926168
31926800
31927440
31928088
31928732
31929380
31930028
31930676
31931316
31931952
31932584
31933220
31933856
31934504
31935156
31935804
31936444
31937080
31937716
31938352
31938984
31939612
31940236
31940860
31941488
31942136
31942776
31943416
31944068
31944720
31945364
31946016
31946656
31947288
31947916
31948532
31949148
31949756
31950364
31950976
31951592
31952204
31952816
31953440
31954064
31954692
31955320
31955964
31956596
31957224
31957860
31958500
31959136
31959772
31960404
31961032
31961668
31962300
31962940
31963580
31964208
31964836
31965468
31966104
31966732
31967364
31968000
31968652
31969304
31969956
31970620
31971268
31971908
31972564
31973216
31973856
31974504
31975156
31975796
31976440
31977092
31977752
31978404
31979064
31979728
31980380
31981024
31981668
31982308
31982948
31983584
31984224
31984856
31985476
31986108
31986736
31987368
31987992
31988616
31989244
31989872
31990496
31991124
31991752
31992372
31992988
31993616
31994248
31994872
31995504
31996140
31996764
31997372
31997984
31998616
31999244
31999876
32000508
32001148
32001768
32002388
32003012
32003636
32004260
32004896
32005532
32006168
32006804
32007440
32008080
32008704
32009320
32009944
32010572
32011200
32011836
32012468
32013096
32013732
32014360
32015000
32015640
32016276
32016916
32017556
32018184
32018824
32019456
32020084
32020712
32021340
32021968
32022600
32023232
32023864
32024492
32025116
32025744
32026372
32027004
32027632
32028272
32028904
32029544
32030176
32030820
32031468
32032120
32032768
32033412
32034056
32034684
32035320
32035960
32036584
32037208
32037840
32038480
32039116
32039760
32040416
32041068
32041716
32042372
32043028
32043680
32044324
32044964
32045600
32046236
32046872
32047508
32048140
32048772
32049404
32050044
32050680
32051316
32051960
32052604
32053236
32053872
32054508
32055148
32055784
32056432
32057080
32057728
32058368
32059016
32059668
32060316
32060964
32061608
32062248
32062880
32063520
32064160
32064800
32065444
32066080
32066724
32067368
32068016
32068664
32069312
32069960
32070612
32071272
32071920
32072568
32073216
32073856
32074480
32075112
32075740
32076356
32076976
32077592
32078212
32078828
32079448
32080076
32080700
32081320
32081940
32082568
32083196
32083824
32084460
32085092
32085716
32086340
32086972
32087604
32088224
32088848
32089472
32090096
32090724
32091356
32091992
32092632
32093268
32093904
32094544
32095180
32095816
32096468
32097108
32097748
32098388
32099028
32099668
32100300
32100932
32101572
32102208
32102832
32103464
32104100
32104728
32105356
32105984
32106612
32107240
32107872
32108520
32109156
32109784
32110416
32111048
32111676
32112308
32112944
32113576
32114212
32114848
32115488
32116128
32116760
32117384
32118008
32118624
32119244
32119868
32120496
32121124
32121752
32122380
32123008
32123636
32124264
32124896
32125528
32126160
32126788
32127416
32128048
32128680
32129320
32129964
32130596
32131232
32131872
32132516
32133164
32133812
32134460
32135104
32135760
32136424
32137092
32137756
32138416
32139076
32139736
32140384
32141048
32141716
32142364
32143020
32143692
32144356
32145012
32145660
32146304
32146944
32147592
32148248
32148908
32149560
32150220
32150876
32151532
32152192
32152860
32153520
32154168
32154820
32155460
32156112
32156760
32157408
32158056
32158696
32159332
32159968
32160600
32161228
32161852
32162472
32163088
32163704
32164324
32164952
32165576
32166196
32166828
32167456
32168080
32168708
32169332
32169956
32170564
32171176
32171788
32172396
32173000
32173620
32174244
32174864
32175484
32176100
32176728
32177344
32177960
32178572
32179176
32179772
32180368
32180976
32181588
32182188
32182788
32183404
32184012
32184624
32185236
32185852
32186464
32187072
32187684
32188300
32188916
32189524
32190132
32190744
32191356
32191968
32192592
32193212
32193832
32194452
32195068
32195676
32196288
32196896
32197512
32198124
32198728
32199336
32199948
32200556
32201164
32201784
32202404
32203008
32203612
32204220
32204832
32205444
32206060
32206680
32207300
32207916
32208540
32209168
32209792
32210400
32211020
32211648
32212264
32212892
32213520
32214144
32214752
32215364
32215976
32216588
32217200
32217816
32218444
32219068
32219680
32220292
32220912
32221520
32222128
32222744
32223360
32223976
32224584
32225196
32225816
32226432
32227044
32227656
32228260
32228872
32229484
32230100
32230724
32231340
32231960
32232580
32233200
32233820
32234436
32235052
32235668
32236288
32236920
32237568
32238200
32238828
32239480
32240124
32240760
32241404
32242048
32242680
32243312
32243952
32244588
32245208
32245836
32246480
32247116
32247752
32248404
32249056
32249708
32250360
32251024
32251684
32252336
32252992
32253652
32254312
32254960
32255600
32256240
32256872
32257504
32258156
32258808
32259460
32260124
32260800
32261472
32262152
32262832
32263500
32264168
32264836
32265504
32266172
32266836
32267500
32268172
32268836
32269496
32270168
32270840
32271500
32272172
32272848
32273516
32274196
32274876
32275544
32276208
32276876
32277540
32278192
32278844
32279504
32280164
32280816
32281476
32282140
32282792
32283444
32284108
32284784
32285456
32286136
32286812
32287484
32288152
32288832
32289508
32290180
32290860
32291536
32292208
32292884
32293556
32294232
32294908
32295592
32296276
32296948
32297628
32298312
32298992
32299676
32300352
32301020
32301684
32302348
32303004
32303652
32304292
32304932
32305576
32306228
32306884
32307544
32308204
32308856
32309512
32310168
32310824
32311484
32312148
32312812
32313472
32314132
32314792
32315452
32316108
32316784
32317456
32318124
32318808
32319508
32320188
32320868
32321552
32322232
32322908
32323596
32324268
32324932
32325588
32326256
32326924
32327604
32328292
32328976
32329664
32330364
32331060
32331744
32332436
32333116
32333804
32334488
32335176
32335860
32336532
32337208
32337884
32338564
32339236
32339904
32340576
32341244
32341908
32342568
32343232
32343892
32344572
32345248
32345924
32346596
32347272
32347948
32348616
32349284
32349956
32350636
32351316
32352000
32352676
32353344
32354012
32354688
32355356
32356024
32356696
32357372
32358048
32358732
32359416
32360088
32360756
32361424
32362084
32362740
32363396
32364068
32364744
32365420
32366116
32366808
32367492
32368176
32368860
32369532
32370208
32370884
32371568
32372244
32372920
32373588
32374256
32374920
32375596
32376272
32376944
32377604
32378240
32378900
32379564
32380236
32380908
32381572
32382248
32382928
32383596
32384260
32384912
32385572
32386224
32386888
32387560
32388232
32388900
32389576
32390244
32390904
32391576
32392252
32392920
32393588
32394264
32394936
32395608
32396284
32396960
32397636
32398316
32399004
32399688
32400364
32401024
32401676
32402332
32402996
32403668
32404348
32405020
32405692
32406372
32407044
32407712
32408384
32409052
32409712
32410396
32411076
32411748
32412428
32413108
32413780
32414452
32415120
32415776
32416424
32417072
32417732
32418396
32419060
32419752
32420444
32421132
32421816
32422492
32423164
32423828
32424488
32425152
32425804
32426452
32427100
32427756
32428412
32429076
32429744
32430420
32431100
32431788
32432460
32433124
32433788
32434460
32435124
32435792
32436472
32437156
32437848
32438552
32439252
32439952
32440648
32441344
32442032
32442716
32443400
32444076
32444748
32445412
32446076
32446736
32447404
32448072
32448752
32449428
32450096
32450780
32451460
32452136
32452820
32453496
32454164
32454844
32455528
32456204
32456876
32457556
32458228
32458908
32459592
32460272
32460940
32461612
32462288
32462960
32463632
32464308
32464992
32465668
32466344
32467024
32467704
32468380
32469072
32469760
32470444
32471152
32471852
32472560
32473272
32473976
32474684
32475400
32476128
32476836
32477532
32478228
32478916
32479592
32480264
32480940
32481612
32482280
32482972
32483668
32484360
32485056
32485760
32486448
32487148
32487848
32488540
32489232
32489920
32490604
32491284
32491964
32492656
32493332
32494016
32494700
32495384
32496064
32496744
32497420
32498088
32498752
32499420
32500096
32500776
32501456
32502136
32502812
32503464
32504148
32504832
32505500
32506164
32506828
32507484
32508136
32508796
32509448
32510100
32510756
32511416
32512084
32512752
32513424
32514104
32514772
32515444
32516112
32516776
32517432
32518088
32518740
32519384
32520032
32520696
32521352
32522004
32522664
32523320
32523972
32524628
32525284
32525932
32526580
32527228
32527888
32528544
32529204
32529864
32530532
32531200
32531872
32532544
32533216
32533884
32534544
32535220
32535888
32536544
32537220
32537884
32538532
32539192
32539848
32540492
32541148
32541808
32542460
32543112
32543768
32544428
32545088
32545752
32546420
32547080
32547736
32548392
32549056
32549712
32550364
32551020
32551680
32552340
32553004
32553664
32554324
32554980
32555644
32556316
32556976
32557640
32558308
32558968
32559628
32560288
32560940
32561596
32562248
32562900
32563548
32564192
32564836
32565488
32566132
32566772
32567424
32568076
32568720
32569380
32570028
32570668
32571308
32571948
32572588
32573236
32573880
32574528
32575176
32575808
32576448
32577096
32577732
32578364
32579012
32579656
32580296
32580944
32581596
32582232
32582876
32583516
32584156
32584804
32585444
32586084
32586732
32587364
32587996
32588636
32589276
32589916
32590564
32591212
32591852
32592496
32593144
32593792
32594432
32595068
32595708
32596348
32597000
32597656
32598316
32598964
32599612
32600264
32600916
32601564
32602204
32602852
32603492
32604132
32604776
32605428
32606072
32606712
32607360
32608012
32608652
32609296
32609948
32610592
32611236
32611888
32612540
32613192
32613848
32614512
32615168
32615820
32616476
32617132
32617780
32618432
32619088
32619728
32620372
32621032
32621684
32622328
32622980
32623628
32624272
32624920
32625568
32626216
32626864
32627500
32628152
32628812
32629468
32630124
32630792
32631456
32632128
32632812
32633504
32634188
32634872
32635560
32636232
32636904
32637588
32638268
32638952
32639636
32640316
32640992
32641672
32642352
32643036
32643716
32644400
32645096
32645808
32646524
32647236
32647940
32648644
32649352
32650060
32650748
32651436
32652124
32652796
32653464
32654136
32654800
32655464
32656136
32656816
32657500
32658188
32658888
32659572
32660272
32660972
32661664
32662352
32663032
32663716
32664388
32665064
32665752
32666448
32667128
32667804
32668476
32669136
32669804
32670472
32671128
32671784
32672432
32673080
32673740
32674392
32675044
32675712
32676364
32677032
32677708
32678384
32679052
32679724
32680400
32681068
32681744
32682436
32683128
32683816
32684508
32685200
32685884
32686572
32687260
32687944
32688632
32689336
32690044
32690744
32691456
32692156
32692856
32693560
32694268
32694980
32695676
32696380
32697080
32697784
32698488
32699204
32699916
32700620
32701328
32702024
32702704
32703388
32704064
32704732
32705404
32706084
32706772
32707456
32708144
32708828
32709512
32710208
32710904
32711588
32712260
32712936
32713596
32714248
32714912
32715572
32716220
32716868
32717528
32718180
32718832
32719484
32720132
32720780
32721432
32722088
32722744
32723396
32724044
32724684
32725328
32725968
32726604
32727240
32727872
32728516
32729160
32729808
32730452
32731092
32731740
32732384
32733024
32733672
32734324
32734972
32735628
32736276
32736908
32737548
32738192
32738836
32739476
32740108
32740744
32741376
32742008
32742644
32743284
32743916
32744552
32745192
32745828
32746472
32747112
32747756
32748396
32749028
32749672
32750312
32750948
32751584
32752220
32752852
32753484
32754116
32754760
32755408
32756056
32756700
32757352
32758000
32758648
32759304
32759964
32760608
32761248
32761896
32762544
32763184
32763832
32764488
32765140
32765800
32766472
32767332
32768052
32768740
32769416
32770096
32770768
32771428
32772084
32772744
32773404
32774052
32774716
32775384
32776044
32776712
32777376
32778040
32778700
32779360
32780020
32780668
32781316
32781972
32782632
32783280
32783932
32784580
32785220
32785872
32786520
32787168
32787808
32788452
32789100
32789744
32790396
32791048
32791696
32792344
32793000
32793652
32794316
32794972
32795620
32796268
32796916
32797556
32798200
32798852
32799492
32800140
32800788
32801436
32802080
32802732
32803384
32804032
32804676
32805320
32805968
32806612
32807256
32807908
32808564
32809216
32809884
32810552
32811212
32811864
32812520
32813168
32813816
32814468
32815120
32815768
32816420
32817076
32817744
32818416
32819088
32819756
32820416
32821068
32821724
32822380
32823032
32823684
32824344
32825008
32825668
32826344
32827020
32827684
32828348
32829012
32829672
32830328
32830996
32831664
32832320
32832976
32833620
32834272
32834928
32835584
32836256
32836924
32837592
32838268
32838944
32839608
32840268
32840932
32841588
32842248
32842920
32843596
32844268
32844948
32845636
32846324
32847016
32847708
32848400
32849084
32849768
32850444
32851120
32851796
32852476
32853148
32853816
32854500
32855184
32855864
32856544
32857220
32857892
32858568
32859248
32859936
32860604
32861268
32861932
32862592
32863268
32863944
32864624
32865300
32865980
32866664
32867344
32868020
32868704
32869384
32870052
32870732
32871420
32872108
32872796
32873500
32874204
32874900
32875612
32876316
32877008
32877688
32878380
32879060
32879744
32880436
32881124
32881812
32882504
32883204
32883900
32884596
32885296
32886004
32886708
32887432
32888156
32888872
32889596
32890312
32891020
32891720
32892428
32893116
32893804
32894480
32895128
32895812
32896496
32897208
32897916
32898636
32899364
32900080
32900812
32901540
32902264
32902976
32903696
32904404
32905104
32905796
32906492
32907176
32907860
32908564
32909280
32909992
32910704
32911412
32912116
32912824
32913532
32914236
32914940
32915656
32916380
32917100
32917820
32918532
32919228
32919932
32920632
32921320
32922016
32922716
32923416
32924128
32924848
32925560
32926280
32926988
32927708
32928420
32929124
32929824
32930520
32931208
32931900
32932596
32933288
32933984
32934704
32935420
32936140
32936876
32937620
32938368
32939124
32939876
32940624
32941360
32942092
32942808
32943528
32944256
32944980
32945700
32946428
32947132
32947840
32948544
32949228
32949912
32950588
32951264
32951924
32952584
32953244
32953896
32954540
32955184
32955828
32956472
32957116
32957756
32958392
32959036
32959684
32960340
32961000
32961660
32962316
32962988
32963660
32964336
32965016
32965688
32966356
32967028
32967696
32968360
32969028
32969696
32970360
32971032
32971708
32972380
32973056
32973732
32974404
32975080
32975756
32976428
32977120
32977788
32978448
32979128
32979804
32980488
32981176
32981852
32982512
32983180
32983844
32984508
32985164
32985820
32986480
32987132
32987784
32988444
32989104
32989756
32990420
32991092
32991764
32992444
32993140
32993828
32994512
32995208
32995908
32996600
32997308
32998008
32998708
32999408
33000112
33000816
33001520
33002228
33002932
33003644
33004360
33005100
33005828
33006560
33007308
33008040
33008772
33009484
33010204
33010924
33011664
33012424
33013172
33013964
33014760
33015544
33016348
33017140
33017920
33018712
33019488
33020276
33021084
33021892
33022692
33023496
33024296
33025124
33025984
33026856
33027732
33028580
33029428
33030292
33031160
33032036
33032924
33033792
33034672
33035564
33036404
33037256
33038088
33038892
33039712
33040556
33041388
33042240
33043084
33043904
33044892
33045716
33046500
33047296
33048120
33048944
33049840
33050784
33051716
33052636
33053520
33054364
33055216
33056056
33056888
33057732
33058608
33059476
33060336
33061224
33062084
33062948
33063840
33064688
33065524
33066340
33067144
33068004
33068880
33069748
33070648
33071544
33072420
33073320
33074220
33075100
33075996
33076896
33077780
33078684
33079612
33080540
33081440
33082340
33083228
33084112
33085016
33085884
33086768
33087680
33088580
33089476
33090376
33091244
33092120
33092984
33093820
33094672
33095528
33096380
33097228
33098084
33098964
33099812
33100668
33101524
33102348
33103180
33104036
33104876
33105748
33106660
33107576
33108520
33109452
33110328
33111228
33112124
33113020
33113908
33114800
33115660
33116516
33117380
33118228
33119084
33119944
33120788
33121596
33122384
33123160
33123920
33124668
33125420
33126152
33126892
33127632
33128384
33129148
33129928
33130696
33131496
33132296
33133116
33133976
33134824
33135688
33136576
33137424
33138260
33139100
33139908
33140716
33141528
33142320
33143108
33143908
33144736
33145572
33146444
33147316
33148204
33149096
33149968
33150856
33151732
33152616
33153508
33154356
33155216
33156056
33156880
33157708
33158540
33159388
33160224
33161044
33161856
33162652
33163436
33164208
33164976
33165724
33166468
33167216
33167972
33168752
33169548
33170316
33171096
33171976
33172844
33173700
33174532
33175340
33176144
33176928
33177696
33178488
33179280
33180084
33180912
33181720
33182520
33183328
33184148
33184944
33185736
33186500
33187280
33188088
33188904
33189720
33190560
33191412
33192248
33193096
33193924
33194744
33195580
33196416
33197256
33198124
33198972
33199816
33200652
33201476
33202304
33203112
33203924
33204752
33205560
33206356
33207156
33208012
33208876
33209768
33210668
33211532
33212408
33213300
33214168
33215060
33215988
33216900
33217832
33218804
33219744
33220716
33221652
33222584
33223548
33224468
33225412
33226316
33227204
33228116
33229052
33229988
33230936
33231908
33232852
33233800
33234680
33235568
33236472
33237400
33238292
33239160
33240048
33240960
33241848
33242768
33243724
33244684
33245664
33246668
33247628
33248592
33249576
33250504
33251440
33252392
33253364
33254284
33255216
33256128
33257000
33257896
33258848
33259812
33260796
33261724
33262632
33263568
33264476
33265380
33266272
33267176
33268116
33269040
33269936
33270844
33271760
33272692
33273608
33274536
33275496
33276468
33277416
33278396
33279392
33280336
33281316
33282296
33283192
33284080
33285000
33285928
33286860
33287752
33288648
33289516
33290388
33291244
33292100
33292944
33293788
33294640
33295560
33296468
33297344
33298264
33299176
33300116
33301072
33302040
33302988
33303912
33304784
33305668
33306564
33307476
33308372
33309272
33310196
33311100
33311972
33312836
33313704
33314644
33315544
33316448
33317356
33318320
33319332
33320316
33321324
33322300
33323244
33324204
33325136
33326080
33327016
33327900
33328784
33329640
33330512
33331388
33332268
33333184
33334104
33335008
33335948
33336828
33337700
33338608
33339600
33340556
33341528
33342536
33343484
33344456
33345440
33346400
33347404
33348408
33349396
33350392
33351344
33352244
33353152
33354100
33355036
33355948
33356840
33357732
33358640
33359540
33360476
33361448
33362420
33363376
33364364
33365300
33366228
33367160
33368084
33368996
33369904
33370840
33371740
33372668
33373628
33374568
33375544
33376516
33377472
33378448
33379364
33380308
33381252
33382176
33383116
33384056
33384984
33385912
33386808
33387716
33388628
33389560
33390468
33391412
33392340
33393240
33394172
33395076
33395992
33396924
33397820
33398744
33399620
33400500
33401392
33402300
33403200
33404076
33404936
33405780
33406616
33407484
33408396
33409324
33410244
33411192
33412128
33413060
33414000
33414908
33415848
33416760
33417700
33418656
33419588
33420536
33421496
33422428
33423376
33424344
33425268
33426220
33427160
33428076
33428976
33429860
33430772
33431716
33432628
33433572
33434524
33435440
33436356
33437260
33438164
33439048
33439920
33440800
33441668
33442548
33443412
33444252
33445112
33445972
33446840
33447748
33448652
33449568
33450500
33451392
33452284
33453200
33454068
33454972
33455900
33456828
33457784
33458748
33459660
33460564
33461444
33462292
33463156
33464068
33465072
33466060
33467048
33467996
33468936
33469876
33470824
33471728
33472636
33473520
33474404
33475308
33476232
33477124
33478028
33478960
33479932
33480872
33481832
33482808
33483764
33484732
33485676
33486616
33487580
33488508
33489476
33490452
33491396
33492360
33493316
33494256
33495212
33496184
33497120
33498072
33499060
33500000
33500956
33501928
33502832
33503748
33504680
33505572
33506496
33507440
33508352
33509288
33510220
33511128
33512040
33512956
33513848
33514736
33515624
33516488
33517372
33518236
33519112
33520004
33520900
33521796
33522712
33523620
33524540
33525484
33526404
33527364
33528320
33529236
33530160
33531080
33531988
33532924
33533860
33534768
33535692
33536608
33537496
33538372
33539244
33540124
33540984
33541844
33542692
33543576
33544452
33545348
33546248
33547124
33548028
33548956
33549844
33550768
33551684
33552584
33553500
33554388
33555272
33556192
33557092
33557988
33558852
33559764
33560732
33561672
33562676
33563688
33564624
33565576
33566524
33567440
33568376
33569336
33570260
33571204
33572192
33573124
33574104
33575120
33576104
33577104
33578088
33579040
33580008
33580984
33581940
33582876
33583832
33584756
33585696
33586664
33587584
33588540
33589508
33590464
33591436
33592396
33593336
33594284
33595228
33596136
33597056
33598008
33598908
33599832
33600768
33601672
33602588
33603508
33604424
33605360
33606292
33607192
33608096
33608984
33609868
33610764
33611648
33612552
33613480
33614392
33615320
33616276
33617188
33618108
33619024
33619912
33620828
33621760
33622672
33623628
33624596
33625544
33626512
33627476
33628396
33629336
33630292
33631248
33632152
33633088
33634020
33634920
33635824
33636732
33637628
33638540
33639456
33640348
33641260
33642176
33643060
33643976
33644912
33645828
33646776
33647736
33648672
33649636
33650608
33651548
33652500
33653476
33654432
33655392
33656380
33657332
33658280
33659236
33660156
33661056
33661960
33662840
33663756
33664660
33665612
33666520
33667452
33668416
33669336
33670292
33671260
33672180
33673136
33674104
33675040
33676000
33677000
33677952
33678932
33679940
33680696
33681820
33682824
33683788
33684756
33685732
33686692
33687680
33688700
33689664
33690636
33691628
33692564
33693532
33694500
33695420
33696360
33697316
33698288
33699248
33700228
33701172
33702092
33703028
33703928
33704796
33705664
33706596
33707528
33708496
33709456
33710392
33711372
33712412
33713424
33714444
33715468
33716432
33717416
33718416
33719352
33720292
33721240
33722184
33723132
33724128
33725120
33726068
33727060
33728044
33729028
33730016
33731048
33732024
33733008
33734008
33734956
33735932
33736916
33737868
33738844
33739816
33740752
33741700
33742668
33743608
33744556
33745508
33746416
33747348
33748300
33749216
33750164
33751128
33752068
33753008
33753956
33754860
33755776
33756696
33757576
33758480
33759400
33760280
33761172
33762072
33762944
33763824
33764680
33765528
33766460
33767428
33768372
33769352
33770352
33771332
33772316
33773296
33774252
33775240
33776260
33777236
33778248
33779272
33780288
33781308
33782344
33783344
33784328
33785328
33786284
33787292
33788308
33789260
33790244
33791232
33792180
33793164
33794132
33795040
33795956
33796860
33797732
33798616
33799512
33800384
33801288
33802196
33803072
33803968
33804868
33805740
33806604
33807452
33808348
33809256
33810132
33811064
33812024
33812984
33813960
33814944
33815888
33816840
33817812
33818728
33819672
33820644
33821556
33822516
33823504
33824480
33825484
33826488
33827452
33828428
33829408
33830344
33831296
33832248
33833160
33834092
33835036
33835932
33836852
33837788
33838696
33839596
33840540
33841504
33842420
33843384
33844352
33845268
33846216
33847160
33848092
33849048
33850012
33850956
33851908
33852880
33853804
33854740
33855688
33856568
33857444
33858304
33859156
33860004
33860832
33861660
33862488
33863304
33864116
33864924
33865736
33866536
33867340
33868136
33868940
33869788
33870616
33871484
33872376
33873248
33874164
33875112
33876024
33876968
33877876
33878800
33879740
33880684
33881596
33882532
33883484
33884408
33885360
33886320
33887248
33888208
33889184
33890108
33891048
33891992
33892904
33893804
33894712
33895592
33896452
33897324
33898236
33899120
33900032
33900980
33901976
33902920
33903888
33904848
33905748
33906640
33907524
33908364
33909240
33910152
33911056
33912020
33912984
33913928
33914856
33915792
33916704
33917628
33918556
33919444
33920372
33921292
33922208
33923116
33924060
33925020
33925984
33926920
33927872
33928804
33929744
33930692
33931612
33932576
33933536
33934452
33935388
33936324
33937252
33938176
33939112
33940044
33940988
33941916
33942792
33943680
33944628
33945544
33946508
33947512
33948528
33949548
33950548
33951488
33952440
33953404
33954316
33955236
33956188
33957124
33958064
33959016
33959960
33960900
33961864
33962840
33963764
33964716
33965676
33966576
33967504
33968428
33969320
33970228
33971112
33971980
33972856
33973704
33974540
33975380
33976204
33977028
33977844
33978668
33979484
33980296
33981124
33981964
33982776
33983592
33984404
33985216
33986048
33986864
33987688
33988560
33989412
33990248
33991140
33992080
33993064
33994064
33995012
33995952
33996888
33997796
33998696
33999624
34000572
34001496
34002436
34003360
34004248
34005156
34006052
34006940
34007828
34008716
34009596
34010484
34011364
34012232
34013112
34014000
34014864
34015724
34016600
34017460
34018332
34019220
34020092
34020968
34021840
34022688
34023516
34024324
34025112
34025896
34026684
34027464
34028244
34029036
34029820
34030644
34031504
34032336
34033220
34034104
34034964
34035832
34036688
34037528
34038344
34039148
34039960
34040772
34041572
34042400
34043252
34044120
34045000
34045916
34046856
34047756
34048664
34049568
34050440
34051312
34052192
34053072
34053940
34054820
34055688
34056552
34057432
34058320
34059184
34060052
34060900
34061756
34062644
34063524
34064416
34065308
34066208
34067104
34067996
34068872
34069728
34070596
34071432
34072264
34073128
34074004
34074884
34075812
34076728
34077696
34078668
34079604
34080552
34081512
34082440
34083368
34084304
34085204
34086112
34087032
34087916
34088816
34089744
34090636
34091536
34092448
34093320
34094204
34095088
34095964
34096828
34097700
34098580
34099432
34100280
34101140
34101992
34102836
34103684
34104528
34105368
34106224
34107068
34107924
34108780
34109636
34110484
34111324
34112180
34113056
34113900
34114760
34115636
34116484
34117336
34118200
34119076
34119936
34120776
34121632
34122500
34123360
34124192
34125028
34125868
34126728
34127572
34128428
34129316
34130216
34131084
34131972
34132852
34133728
34134588
34135440
34136292
34137124
34137936
34138760
34139568
34140384
34141208
34142020
34142844
34143680
34144508
34145340
34146164
34146968
34147772
34148552
34149324
34150104
34150876
34151628
34152388
34153128
34153868
34154628
34155408
34156188
34156972
34157768
34158564
34159368
34160192
34161028
34161876
34162708
34163540
34164364
34165168
34165964
34166772
34167564
34168352
34169144
34169932
34170732
34171536
34172340
34173160
34173980
34174812
34175636
34176460
34177268
34178068
34178868
34179648
34180428
34181200
34181952
34182732
34183528
34184336
34185136
34185940
34186740
34187540
34188352
34189168
34189984
34190800
34191636
34192496
34193368
34194244
34195156
34196056
34196920
34197824
34198728
34199716
34200648
34201576
34202524
34203440
34204356
34205276
34206188
34207088
34207992
34208912
34209780
34210672
34211568
34212444
34213288
34214136
34214956
34215804
34216644
34217476
34218332
34219200
34220052
34220896
34221744
34222592
34223428
34224272
34225128
34225976
34226812
34227676
34228540
34229380
34230232
34231080
34231920
34232744
34233544
34234360
34235208
34236028
34236856
34237692
34238524
34239368
34240240
34241112
34241968
34242848
34243756
34244616
34245472
34246348
34247236
34248108
34249016
34249924
34250808
34251680
34252564
34253456
34254308
34255180
34256064
34256936
34257784
34258652
34259520
34260396
34261268
34262160
34263040
34263908
34264784
34265632
34266508
34267384
34268272
34269180
34270068
34270936
34271840
34272764
34273644
34274536
34275440
34276312
34277188
34278072
34278988
34279880
34280800
34281704
34282572
34283460
34284352
34285208
34286092
34286984
34287856
34288728
34289600
34290500
34291372
34292256
34293160
34294024
34294872
34295764
34296680
34297564
34298460
34299376
34300312
34301192
34302120
34303080
34304020
34304944
34305888
34306840
34307756
34308680
34309636
34310532
34311436
34312348
34313248
34314128
34314992
34315864
34316812
34317728
34318696
34319688
34320652
34321636
34322604
34323536
34324492
34325452
34326400
34327356
34328316
34329220
34330144
34331076
34331976
34332924
34333892
34334816
34335808
34336808
34337744
34338676
34339616
34340528
34341440
34342364
34343264
34344176
34345120
34346088
34347024
34347984
34348928
34349824
34350732
34351648
34352528
34353432
34354340
34355220
34356112
34357024
34357956
34358848
34359720
34360600
34361548
34362464
34363404
34364368
34365304
34366248
34367212
34368148
34369104
34370100
34371072
34372068
34373068
34374032
34375024
34376016
34376964
34377948
34378948
34379908
34380880
34381872
34382816
34383788
34384764
34385684
34386604
34387524
34388448
34389352
34390272
34391208
34392120
34393044
34393988
34394940
34395884
34396864
34397848
34398792
34399736
34400672
34401572
34402496
34403420
34404300
34405204
34406084
34406988
34407900
34408832
34409796
34410740
34411700
34412712
34413676
34414624
34415568
34416468
34417396
34418348
34419316
34420304
34421296
34422264
34423248
34424240
34425200
34426180
34427180
34428144
34429120
34430112
34431068
34432024
34433004
34433964
34434920
34435900
34436840
34437792
34438736
34439644
34440584
34441512
34442440
34443388
34444328
34445252
34446208
34447160
34448092
34449040
34450016
34450940
34451884
34452832
34453736
34454660
34455544
34456416
34457276
34458148
34459004
34459888
34460788
34461676
34462604
34463568
34464492
34465420
34466376
34467300
34468244
34469188
34470132
34471064
34472012
34472984
34473928
34474888
34475868
34476796
34477736
34478688
34479628
34480532
34481448
34482388
34483316
34484260
34485240
34486192
34487160
34488128
34489064
34490004
34490944
34491848
34492768
34493700
34494612
34495528
34496456
34497364
34498284
34499220
34500124
34501004
34501880
34502740
34503592
34504460
34505324
34506228
34507152
34508048
34508952
34509872
34510812
34511712
34512632
34513560
34514452
34515372
34516296
34517168
34518056
34518940
34519804
34520696
34521608
34522516
34523384
34524280
34525192
34526132
34527084
34528024
34528976
34529944
34530868
34531820
34532780
34533724
34534700
34535684
34536636
34537600
34538592
34539556
34540504
34541460
34542384
34543332
34544276
34545196
34546144
34547084
34548000
34548924
34549852
34550760
34551676
34552592
34553484
34554384
34555304
34556192
34557096
34558028
34558928
34559868
34560800
34561676
34562596
34563476
34564352
34565252
34566180
34567096
34568012
34568924
34569828
34570716
34571612
34572496
34573360
34574224
34575072
34575924
34576760
34577624
34578532
34579428
34580332
34581224
34582132
34583052
34583948
34584864
34585788
34586708
34587668
34588640
34589564
34590532
34591488
34592424
34593372
34594284
34595204
34596112
34597000
34597928
34598868
34599792
34600716
34601640
34602568
34603500
34604468
34605368
34606292
34607196
34608116
34609036
34609932
34610804
34611664
34612504
34613400
34614328
34615232
34616188
34617156
34618088
34619048
34620036
34621008
34622000
34622996
34623960
34624940
34625932
34626888
34627860
34628816
34629716
34630628
34631536
34632420
34633296
34634188
34635100
34635992
34636916
34637868
34638784
34639724
34640668
34641600
34642544
34643520
34644456
34645412
34646380
34647316
34648280
34649256
34650180
34651116
34652052
34652956
34653848
34654748
34655628
34656492
34657360
34658284
34659176
34660088
34661028
34661944
34662860
34663808
34664768
34665704
34666668
34667656
34668608
34669572
34670552
34671516
34672484
34673460
34674428
34675376
34676332
34677288
34678204
34679148
34680100
34681040
34682000
34682980
34683948
34684928
34685916
34686872
34687836
34688816
34689748
34690696
34691644
34692568
34693520
34694476
34695416
34696392
34697372
34698328
34699288
34700264
34701208
34702168
34703152
34704104
34705076
34706044
34706976
34707928
34708896
34709860
34710820
34711792
34712756
34713716
34714692
34715624
34716572
34717536
34718448
34719392
34720336
34721232
34722128
34723024
34723912
34724780
34725652
34726492
34727320
34728132
34728944
34729736
34730504
34731276
34732028
34732788
34733536
34734276
34735016
34735764
34736500
34737240
34737992
34738732
34739496
34740288
34741084
34741888
34742728
34743584
34744444
34745328
34746208
34747092
34747960
34748820
34749672
34750500
34751308
34752128
34752952
34753772
34754620
34755456
34756312
34757232
34758120
34758996
34759860
34760716
34761600
34762480
34763364
34764284
34765232
34766140
34767072
34768008
34768924
34769844
34770816
34771768
34772752
34773668
34774584
34775460
34776316
34777192
34778088
34779000
34779924
34780816
34781696
34782568
34783400
34784236
34785068
34785892
34786716
34787532
34788340
34789160
34789988
34790820
34791708
34792584
34793536
34794476
34795380
34796264
34797144
34798024
34798876
34799724
34800556
34801388
34802224
34803048
34803876
34804704
34805532
34806372
34807196
34808040
34808888
34809724
34810576
34811420
34812252
34813088
34813904
34814712
34815512
34816288
34817076
34817872
34818660
34819448
34820236
34821008
34821924
34822704
34823456
34824212
34824956
34825696
34826460
34827224
34828144
34828948
34829704
34830484
34831244
34831992
34832752
34833508
34834252
34834992
34835748
34836492
34837248
34838024
34838812
34839608
34840400
34841184
34841968
34842744
34843536
34844336
34845160
34845984
34846804
34847632
34848464
34849296
34850108
34850908
34851708
34852512
34853316
34854124
34854948
34855764
34856584
34857392
34858196
34859016
34859828
34860636
34861444
34862244
34863044
34863860
34864668
34865488
34866320
34867168
34868056
34868916
34869764
34870612
34871432
34872248
34873064
34873884
34874700
34875524
34876356
34877224
34878116
34879012
34879872
34880724
34881560
34882388
34883224
34884036
34884880
34885712
34886544
34887372
34888200
34889028
34889856
34890692
34891516
34892336
34893168
34894008
34894868
34895732
34896580
34897420
34898256
34899092
34899908
34900752
34901584
34902432
34903312
34904168
34905044
34905916
34906764
34907600
34908424
34909376
34910184
34910948
34911704
34912460
34913204
34913952
34914700
34915436
34916168
34916916
34917660
34918408
34919172
34919940
34920732
34921556
34922380
34923364
34924196
34925004
34925812
34926612
34927424
34928256
34929120
34930008
34930904
34931848
34932820
34933736
34934684
34935628
34936536
34937472
34938408
34939312
34940244
34941176
34942084
34942992
34943900
34944796
34945684
34946600
34947496
34948360
34949252
34950164
34951096
34951996
34952932
34953868
34954748
34955640
34956536
34957408
34958276
34959144
34960012
34960868
34961732
34962596
34963452
34964296
34965160
34966076
34966968
34967884
34968804
34969692
34970568
34971436
34972312
34973168
34974052
34974952
34975828
34976732
34977632
34978512
34979408
34980308
34981192
34982068
34982948
34983820
34984676
34985560
34986516
34987468
34988380
34989336
34990328
34991280
34992236
34993216
34994164
34995112
34996080
34997040
34997984
34998940
34999924
35000900
35001892
35002920
35003868
35004848
35005852
35006812
35007796
35008772
35009704
35010632
35011560
35012448
35013320
35014224
35015160
35016076
35017012
35017972
35018920
35019824
35020756
35021716
35022632
35023568
35024508
35025412
35026336
35027268
35028184
35029092
35030024
35030968
35031864
35032776
35033712
35034620
35035532
35036468
35037368
35038256
35039136
35040000
35040864
35041748
35042624
35043536
35044476
35045384
35046316
35047264
35048168
35049092
35050036
35050968
35051884
35052828
35053796
35054732
35055660
35056624
35057516
35058392
35059308
35060216
35061112
35061992
35062872
35063756
35064652
35065576
35066492
35067432
35068400
35069324
35070296
35071312
35072316
35073292
35074276
35075276
35076228
35077196
35078188
35079148
35080124
35081108
35082064
35083040
35084012
35084952
35085912
35086828
35087736
35088664
35089616
35090552
35091520
35092504
35093452
35094432
35095412
35096340
35097280
35098256
35099200
35100152
35101136
35102072
35103056
35104036
35104968
35105936
35106904
35107840
35108800
35109768
35110720
35111688
35112672
35113604
35114560
35115532
35116436
35117372
35118312
35119212
35120100
35120988
35121960
35122904
35123876
35124896
35125844
35126828
35127824
35128768
35129756
35130740
35131696
35132660
35133644
35134608
35135596
35136612
35137568
35138552
35139540
35140504
35141488
35142488
35143464
35144436
35145416
35146364
35147320
35148300
35149240
35150212
35151200
35152168
35153136
35154104
35155052
35156004
35156964
35157888
35158820
35159764
35160664
35161604
35162588
35163540
35164532
35165532
35166500
35167472
35168448
35169404
35170372
35171364
35172332
35173300
35174276
35175208
35176172
35177148
35178092
35179068
35180048
35180996
35181968
35182936
35183876
35184836
35185800
35186728
35187692
35188652
35189592
35190572
35191516
35192492
35193436
35194348
35195284
35196212
35197116
35198036
35198968
35199892
35200840
35201792
35202708
35203652
35204596
35205496
35206428
35207372
35208308
35209268
35210232
35211176
35212136
35213072
35213996
35214924
35215820
35216728
35217636
35218528
35219440
35220360
35221276
35222204
35223120
35224076
35225052
35226000
35226968
35227976
35228936
35229892
35230856
35231820
35232760
35233704
35234664
35235588
35236536
35237492
35238432
35239404
35240376
35241340
35242316
35243292
35244240
35245184
35246132
35247072
35247976
35248916
35249860
35250756
35251688
35252620
35253536
35254420
35255312
35256252
35257168
35258108
35259068
35260004
35260964
35261932
35262876
35263824
35264808
35265760
35266720
35267704
35268640
35269616
35270600
35271544
35272544
35273536
35274504
35275492
35276488
35277460
35278456
35279464
35280408
35281360
35282256
35283128
35283996
35284880
35285768
35286628
35287472
35288352
35289244
35290144
35291044
35292016
35293052
35294048
35295084
35296128
35297056
35298120
35299268
35300192
35301076
35301928
35302764
35303612
35304444
35305248
35306096
35306928
35307780
35308644
35309480
35310356
35311264
35312168
35313100
35314056
35315024
35316020
35317020
35318028
35319028
35320040
35320988
35321968
35322968
35323968
35324948
35325920
35326904
35327860
35328836
35329812
35330796
35331760
35332740
35333676
35334632
35335592
35336572
35337524
35338492
35339476
35340416
35341380
35342344
35343296
35344244
35345208
35346144
35347076
35348024
35348952
35349876
35350812
35351724
35352640
35353564
35354464
35355380
35356304
35357212
35358128
35359048
35359976
35360888
35361812
35362736
35363624
35364540
35365448
35366340
35367260
35368196
35369108
35370024
35370956
35371876
35372800
35373736
35374636
35375552
35376484
35377384
35378300
35379208
35380128
35381064
35381964
35382888
35383832
35384752
35385696
35386628
35387512
35388396
35389268
35390180
35391080
35392000
35392972
35393896
35394836
35395796
35396708
35397648
35398564
35399448
35400364
35401280
35402172
35403088
35404016
35404924
35405848
35406812
35407748
35408708
35409684
35410628
35411576
35412544
35413524
35414472
35415428
35416420
35417388
35418392
35419432
35420440
35421484
35422524
35423552
35424568
35425584
35426576
35427540
35428512
35429468
35430388
35431312
35432224
35433156
35434076
35434992
35435900
35436788
35437680
35438552
35439424
35440288
35441192
35442092
35443004
35443944
35444884
35445848
35446848
35447808
35448792
35449792
35450776
35451700
35452596
35453516
35454464
35455396
35456296
35457216
35458128
35459032
35459980
35460980
35461980
35462928
35463920
35464920
35465888
35466864
35467836
35468764
35469720
35470684
35471644
35472588
35473536
35474500
35475456
35476396
35477360
35478316
35479204
35480172
35481088
35481996
35482876
35483768
35484664
35485548
35486456
35487368
35488256
35489168
35490084
35491024
35491940
35492880
35493844
35494792
35495740
35496700
35497664
35498596
35499536
35500476
35501396
35502324
35503252
35504152
35505064
35505936
35506804
35507672
35508532
35509428
35510364
35511316
35512236
35513184
35514116
35515024
35515924
35516812
35517720
35518668
35519628
35520552
35521516
35522488
35523440
35524392
35525356
35526312
35527252
35528208
35529180
35530104
35531056
35532008
35532932
35533880
35534836
35535812
35536736
35537692
35538656
35539576
35540520
35541412
35542336
35543280
35544232
35545180
35546140
35547128
35548096
35549060
35550048
35551016
35551988
35552960
35553900
35554876
35555852
35556824
35557756
35558732
35559720
35560676
35561644
35562620
35563580
35564532
35565500
35566456
35567376
35568332
35569300
35570268
35571236
35572212
35573136
35574076
35574992
35575900
35576808
35577704
35578588
35579464
35580340
35581252
35582172
35583088
35584028
35584992
35585932
35586892
35587852
35588784
35589724
35590684
35591676
35592656
35593648
35594656
35595636
35596624
35597608
35598588
35599568
35600540
35601496
35602456
35603440
35604392
35605356
35606336
35607300
35608248
35609216
35610196
35611136
35612108
35613084
35614016
35614992
35615972
35616904
35617860
35618816
35619736
35620676
35621628
35622576
35623532
35624512
35625468
35626436
35627428
35628380
35629336
35630292
35631248
35632196
35633148
35634128
35635072
35636032
35637008
35637960
35638932
35639920
35640860
35641816
35642792
35643764
35644704
35645660
35646620
35647560
35648520
35649488
35650420
35651360
35652280
35653180
35654096
35654984
35655856
35656756
35657656
35658552
35659492
35660432
35661320
35662232
35663140
35664068
35664968
35665864
35666788
35667728
35668656
35669608
35670588
35671612
35672588
35673588
35674596
35675604
35676588
35677580
35678592
35679568
35680552
35681516
35682476
35683440
35684412
35685400
35686356
35687328
35688324
35689312
35690252
35691200
35692168
35693112
35694036
35694980
35695904
35696808
35697744
35698696
35699632
35700560
35701500
35702448
35703352
35704292
35705224
35706144
35707056
35707980
35708908
35709812
35710736
35711680
35712600
35713524
35714448
35715380
35716288
35717192
35718088
35718956
35719820
35720692
35721532
35722384
35723268
35724144
35725020
35725928
35726816
35727732
35728628
35729500
35730364
35731228
35732140
35733048
35733972
35734968
35735964
35736952
35737956
35738964
35739912
35740888
35741872
35742812
35743776
35744752
35745704
35746672
35747656
35748624
35749596
35750588
35751548
35752536
35753536
35754504
35755492
35756488
35757464
35758448
35759432
35760448
35761388
35762360
35763336
35764268
35765244
35766220
35767160
35768120
35769076
35770008
35770948
35771924
35772880
35773848
35774844
35775780
35776752
35777732
35778692
